"discipline","focal_game","next_game","model","model_description","estimate","standard_error","z_value","p_value","term"
"MS",1,2,"controls_only","Controls only",0.0444562590788567,0.231416315979352,0.192105119687513,0.847659864674098,"(Intercept)"
"MS",1,2,"controls_only","Controls only",0.387747371273602,0.0259239080502817,14.957134183686,1.39923035860856e-50,"elo_difference_100"
"MS",1,2,"controls_only","Controls only",-0.0989474758462949,0.278639993140763,-0.355108664520777,0.722508185784378,"roundQualification quarter final"
"MS",1,2,"controls_only","Controls only",-0.0704511711117418,0.245652913379272,-0.286791514672451,0.77427196046465,"roundQualification round of 16"
"MS",1,2,"controls_only","Controls only",0.0375154253184636,0.277200827523782,0.135336628153627,0.892345726389635,"roundQualification round of 32"
"MS",1,2,"controls_only","Controls only",-0.0529054658835887,0.250487163740567,-0.21121028755942,0.83272318351753,"roundQuarter final"
"MS",1,2,"controls_only","Controls only",0.455587216450671,1.01828733573393,0.447405364343754,0.654582403325879,"roundRound 1"
"MS",1,2,"controls_only","Controls only",-0.188132241230838,0.980701409186922,-0.191834374324816,0.847871944175427,"roundRound 2"
"MS",1,2,"controls_only","Controls only",-0.389982744265376,0.981256955306304,-0.397431826756979,0.6910490496446,"roundRound 3"
"MS",1,2,"controls_only","Controls only",-0.12639694329193,0.237587044428171,-0.532002675466353,0.594724142478712,"roundRound of 16"
"MS",1,2,"controls_only","Controls only",-0.119362900075247,0.230714248900248,-0.51736249774003,0.604903133731907,"roundRound of 32"
"MS",1,2,"controls_only","Controls only",-0.0899375789383996,0.256486278243517,-0.350652594572758,0.725848993984038,"roundRound of 64"
"MS",1,2,"controls_only","Controls only",-0.208782133228751,0.273253356509594,-0.764060635505573,0.444831109182258,"roundSemi final"
"MS",1,2,"controls_only","Controls only",0.303556978863457,0.747338747760321,0.406183915624847,0.684607471343006,"tournament_typeHSBC BWF World Tour Finals"
"MS",1,2,"controls_only","Controls only",0.200402268628225,0.145825027233105,1.37426525769048,0.169359347924611,"tournament_typeHSBC BWF World Tour Super 1000"
"MS",1,2,"controls_only","Controls only",0.0478234873465936,0.0976763658657266,0.489611657054639,0.62440872605134,"tournament_typeHSBC BWF World Tour Super 300"
"MS",1,2,"controls_only","Controls only",0.116486818476702,0.109673823257301,1.06212052262843,0.288180974446141,"tournament_typeHSBC BWF World Tour Super 500"
"MS",1,2,"controls_only","Controls only",0.0768011894391691,0.138628384745579,0.554007677288603,0.579573591601845,"tournament_typeHSBC BWF World Tour Super 750"
"MS",1,2,"excess_late_game","Controls + final score differential + excess late-game momentum",0.041216664719152,0.241098192508828,0.170953851998051,0.864260052094679,"(Intercept)"
"MS",1,2,"excess_late_game","Controls + final score differential + excess late-game momentum",0.302814042754408,0.0268915231583285,11.26057609201,2.05411470724979e-29,"elo_difference_100"
"MS",1,2,"excess_late_game","Controls + final score differential + excess late-game momentum",0.0406629846075146,0.0149909255830133,2.71250660156643,0.0066776451269796,"excess_late_game_momentum"
"MS",1,2,"excess_late_game","Controls + final score differential + excess late-game momentum",0.0891217437317964,0.00529954914541777,16.8168539032901,1.83656146085859e-63,"final_score_diff"
"MS",1,2,"excess_late_game","Controls + final score differential + excess late-game momentum",-0.0190387725912594,0.291235977201088,-0.0653723237569437,0.947877559373807,"roundQualification quarter final"
"MS",1,2,"excess_late_game","Controls + final score differential + excess late-game momentum",-0.0595459528760739,0.256847972791896,-0.231833454742972,0.816667371710625,"roundQualification round of 16"
"MS",1,2,"excess_late_game","Controls + final score differential + excess late-game momentum",0.00281853494671382,0.290741073549559,0.00969431292353463,0.992265178543614,"roundQualification round of 32"
"MS",1,2,"excess_late_game","Controls + final score differential + excess late-game momentum",-0.0620833750513108,0.260990836654763,-0.237875688844334,0.811977511843142,"roundQuarter final"
"MS",1,2,"excess_late_game","Controls + final score differential + excess late-game momentum",0.163149204793954,1.0451624785291,0.156099370332889,0.875954694680994,"roundRound 1"
"MS",1,2,"excess_late_game","Controls + final score differential + excess late-game momentum",-0.380639973499112,1.009346828357,-0.377115142986788,0.70608803813023,"roundRound 2"
"MS",1,2,"excess_late_game","Controls + final score differential + excess late-game momentum",-0.586358247956768,1.03122764791045,-0.568602140511741,0.569626171873893,"roundRound 3"
"MS",1,2,"excess_late_game","Controls + final score differential + excess late-game momentum",-0.114285684313333,0.247447883391816,-0.461857595008683,0.644183445145944,"roundRound of 16"
"MS",1,2,"excess_late_game","Controls + final score differential + excess late-game momentum",-0.122528329557603,0.240286846371959,-0.509925247293526,0.610103833325248,"roundRound of 32"
"MS",1,2,"excess_late_game","Controls + final score differential + excess late-game momentum",-0.102489666158736,0.267704769845196,-0.382845872406388,0.701834046690816,"roundRound of 64"
"MS",1,2,"excess_late_game","Controls + final score differential + excess late-game momentum",-0.300159301062242,0.283873224291546,-1.05737095075219,0.290342323810722,"roundSemi final"
"MS",1,2,"excess_late_game","Controls + final score differential + excess late-game momentum",0.65182628119988,0.771337686878345,0.845059553407618,0.39807758938458,"tournament_typeHSBC BWF World Tour Finals"
"MS",1,2,"excess_late_game","Controls + final score differential + excess late-game momentum",0.241745126777123,0.151424090387825,1.59647732509384,0.110382264310201,"tournament_typeHSBC BWF World Tour Super 1000"
"MS",1,2,"excess_late_game","Controls + final score differential + excess late-game momentum",0.00619112049554064,0.102235317318573,0.0605575515186074,0.951711580424683,"tournament_typeHSBC BWF World Tour Super 300"
"MS",1,2,"excess_late_game","Controls + final score differential + excess late-game momentum",0.117618335229787,0.114691303380878,1.02552095723587,0.305117442010569,"tournament_typeHSBC BWF World Tour Super 500"
"MS",1,2,"excess_late_game","Controls + final score differential + excess late-game momentum",0.141527611226895,0.144402042285315,0.98009424927148,0.327039597574569,"tournament_typeHSBC BWF World Tour Super 750"
"MS",1,2,"excess_max_streak","Controls + final score differential + excess maximum streak",0.0314694550927332,0.241172177557984,0.130485429170896,0.896182381418117,"(Intercept)"
"MS",1,2,"excess_max_streak","Controls + final score differential + excess maximum streak",0.299099968384809,0.0268208626675861,11.1517654033657,7.019958094899e-29,"elo_difference_100"
"MS",1,2,"excess_max_streak","Controls + final score differential + excess maximum streak",-0.00301563880298765,0.0221137661574752,-0.136369299625983,0.891529342272645,"excess_max_streak_momentum"
"MS",1,2,"excess_max_streak","Controls + final score differential + excess maximum streak",0.0890389959114746,0.00529869966047287,16.8039333453235,2.28383940599945e-63,"final_score_diff"
"MS",1,2,"excess_max_streak","Controls + final score differential + excess maximum streak",-0.0178768910718318,0.291394736908581,-0.0613493958795841,0.951080952633641,"roundQualification quarter final"
"MS",1,2,"excess_max_streak","Controls + final score differential + excess maximum streak",-0.0441151622446273,0.256839601329423,-0.171761527491413,0.863625012562231,"roundQualification round of 16"
"MS",1,2,"excess_max_streak","Controls + final score differential + excess maximum streak",0.0168773074211103,0.29082329817337,0.0580328588772455,0.953722455023352,"roundQualification round of 32"
"MS",1,2,"excess_max_streak","Controls + final score differential + excess maximum streak",-0.0576602988797409,0.261039766746524,-0.220887030349405,0.82518039629144,"roundQuarter final"
"MS",1,2,"excess_max_streak","Controls + final score differential + excess maximum streak",0.146675698919949,1.04547609155552,0.140295603222945,0.888426438088697,"roundRound 1"
"MS",1,2,"excess_max_streak","Controls + final score differential + excess maximum streak",-0.303055170889136,1.01045248471079,-0.299920258967818,0.7642379808657,"roundRound 2"
"MS",1,2,"excess_max_streak","Controls + final score differential + excess maximum streak",-0.497546341114482,1.03095958461156,-0.482605088056817,0.629376165707008,"roundRound 3"
"MS",1,2,"excess_max_streak","Controls + final score differential + excess maximum streak",-0.109389667615282,0.24753299921527,-0.441919533807893,0.658547434812898,"roundRound of 16"
"MS",1,2,"excess_max_streak","Controls + final score differential + excess maximum streak",-0.115251266182001,0.240380626253178,-0.479453223741144,0.631616237529141,"roundRound of 32"
"MS",1,2,"excess_max_streak","Controls + final score differential + excess maximum streak",-0.0898989478833197,0.267711565718267,-0.335805244880331,0.737017734782407,"roundRound of 64"
"MS",1,2,"excess_max_streak","Controls + final score differential + excess maximum streak",-0.303054412511421,0.283882230169298,-1.06753569017226,0.285730006115467,"roundSemi final"
"MS",1,2,"excess_max_streak","Controls + final score differential + excess maximum streak",0.635975616154707,0.771852179607506,0.823960381219764,0.409962069774886,"tournament_typeHSBC BWF World Tour Finals"
"MS",1,2,"excess_max_streak","Controls + final score differential + excess maximum streak",0.238912894874977,0.151211217809885,1.57999451585237,0.114108122403408,"tournament_typeHSBC BWF World Tour Super 1000"
"MS",1,2,"excess_max_streak","Controls + final score differential + excess maximum streak",0.0102879972013483,0.102095553419971,0.100768318077757,0.919734377301486,"tournament_typeHSBC BWF World Tour Super 300"
"MS",1,2,"excess_max_streak","Controls + final score differential + excess maximum streak",0.120258703826228,0.11454168376954,1.04991213563955,0.293758511509797,"tournament_typeHSBC BWF World Tour Super 500"
"MS",1,2,"excess_max_streak","Controls + final score differential + excess maximum streak",0.137379662400947,0.144232208468147,0.952489488027819,0.340848794600534,"tournament_typeHSBC BWF World Tour Super 750"
"MS",1,2,"excess_streak_bonus","Controls + final score differential + excess streak bonus",0.0305433356729623,0.241173556644271,0.126644629278381,0.899221672251582,"(Intercept)"
"MS",1,2,"excess_streak_bonus","Controls + final score differential + excess streak bonus",0.298916167310902,0.0268184105963961,11.1459314949511,7.49558202875643e-29,"elo_difference_100"
"MS",1,2,"excess_streak_bonus","Controls + final score differential + excess streak bonus",-0.011113465346656,0.0189744445107934,-0.585707019793609,0.558072415933905,"excess_streak_bonus_momentum"
"MS",1,2,"excess_streak_bonus","Controls + final score differential + excess streak bonus",0.0887992307534052,0.0053135790121639,16.7117550242737,1.07620929066648e-62,"final_score_diff"
"MS",1,2,"excess_streak_bonus","Controls + final score differential + excess streak bonus",-0.019314860416399,0.291387215313002,-0.0662858883347076,0.947150217992192,"roundQualification quarter final"
"MS",1,2,"excess_streak_bonus","Controls + final score differential + excess streak bonus",-0.0429739975639407,0.256852925970399,-0.167309745067468,0.867126336763035,"roundQualification round of 16"
"MS",1,2,"excess_streak_bonus","Controls + final score differential + excess streak bonus",0.01967792217637,0.290870468304749,0.0676518392914097,0.946062788101849,"roundQualification round of 32"
"MS",1,2,"excess_streak_bonus","Controls + final score differential + excess streak bonus",-0.0558014808915618,0.261038748867785,-0.213767040845821,0.830728728423604,"roundQuarter final"
"MS",1,2,"excess_streak_bonus","Controls + final score differential + excess streak bonus",0.146475698142349,1.04577743263949,0.140063930976835,0.888609478526887,"roundRound 1"
"MS",1,2,"excess_streak_bonus","Controls + final score differential + excess streak bonus",-0.302387829612712,1.01082147400881,-0.299150579393088,0.764825155443684,"roundRound 2"
"MS",1,2,"excess_streak_bonus","Controls + final score differential + excess streak bonus",-0.49381206237382,1.03146075361361,-0.47875021967031,0.632116334531375,"roundRound 3"
"MS",1,2,"excess_streak_bonus","Controls + final score differential + excess streak bonus",-0.109087663286763,0.247531984901378,-0.440701282827046,0.659429267769239,"roundRound of 16"
"MS",1,2,"excess_streak_bonus","Controls + final score differential + excess streak bonus",-0.114061562121204,0.240383507022407,-0.474498286234635,0.635144619769979,"roundRound of 32"
"MS",1,2,"excess_streak_bonus","Controls + final score differential + excess streak bonus",-0.0886566335357476,0.267722434121599,-0.331151305368305,0.740530199652003,"roundRound of 64"
"MS",1,2,"excess_streak_bonus","Controls + final score differential + excess streak bonus",-0.302661711743805,0.283848706610007,-1.06627828380295,0.28629786323583,"roundSemi final"
"MS",1,2,"excess_streak_bonus","Controls + final score differential + excess streak bonus",0.635957709553463,0.772151396185376,0.823617897597875,0.410156703256786,"tournament_typeHSBC BWF World Tour Finals"
"MS",1,2,"excess_streak_bonus","Controls + final score differential + excess streak bonus",0.238636507330666,0.151235987808988,1.5779082134344,0.114586697821624,"tournament_typeHSBC BWF World Tour Super 1000"
"MS",1,2,"excess_streak_bonus","Controls + final score differential + excess streak bonus",0.0109911003115762,0.102106342901655,0.107643658554713,0.91427836365681,"tournament_typeHSBC BWF World Tour Super 300"
"MS",1,2,"excess_streak_bonus","Controls + final score differential + excess streak bonus",0.120524523157377,0.114544525069461,1.05220675614386,0.292704700461301,"tournament_typeHSBC BWF World Tour Super 500"
"MS",1,2,"excess_streak_bonus","Controls + final score differential + excess streak bonus",0.138062959457055,0.144208321807544,0.957385522045733,0.338372703287511,"tournament_typeHSBC BWF World Tour Super 750"
"MS",1,2,"final_score_diff","Controls + final score differential",0.0318336164237075,0.241170308940094,0.131996415991717,0.894987126569508,"(Intercept)"
"MS",1,2,"final_score_diff","Controls + final score differential",0.299191320807088,0.0268128373468097,11.1585102664521,6.50728343805284e-29,"elo_difference_100"
"MS",1,2,"final_score_diff","Controls + final score differential",0.0890648028819986,0.00529541617985163,16.8192262623056,1.76448090599766e-63,"final_score_diff"
"MS",1,2,"final_score_diff","Controls + final score differential",-0.01764406265443,0.29140894936311,-0.0605474289413283,0.951719642279439,"roundQualification quarter final"
"MS",1,2,"final_score_diff","Controls + final score differential",-0.0444223455495938,0.256839985273015,-0.172957281174012,0.862685006175427,"roundQualification round of 16"
"MS",1,2,"final_score_diff","Controls + final score differential",0.0163075704580147,0.290801949796184,0.0560779268139169,0.955279728113138,"roundQualification round of 32"
"MS",1,2,"final_score_diff","Controls + final score differential",-0.0583836465855371,0.260992771145112,-0.223698328230998,0.822992046865301,"roundQuarter final"
"MS",1,2,"final_score_diff","Controls + final score differential",0.146902551415862,1.04538352330024,0.140525030423377,0.888245177287205,"roundRound 1"
"MS",1,2,"final_score_diff","Controls + final score differential",-0.30258575956088,1.01034529992945,-0.299487471839587,0.764568129652912,"roundRound 2"
"MS",1,2,"final_score_diff","Controls + final score differential",-0.499775775409364,1.03062664450375,-0.48492417508768,0.627730133031737,"roundRound 3"
"MS",1,2,"final_score_diff","Controls + final score differential",-0.109559591911452,0.247542485231377,-0.442589044094987,0.658063010726499,"roundRound of 16"
"MS",1,2,"final_score_diff","Controls + final score differential",-0.11567112464923,0.240372539142074,-0.481216053472988,0.630362952427414,"roundRound of 32"
"MS",1,2,"final_score_diff","Controls + final score differential",-0.090212519175101,0.267714314042686,-0.336973088262726,0.736137187324546,"roundRound of 64"
"MS",1,2,"final_score_diff","Controls + final score differential",-0.30363408441906,0.283858760446477,-1.06966606893329,0.284769644573983,"roundSemi final"
"MS",1,2,"final_score_diff","Controls + final score differential",0.635839400128661,0.771719266097718,0.823925782420661,0.409981729782849,"tournament_typeHSBC BWF World Tour Finals"
"MS",1,2,"final_score_diff","Controls + final score differential",0.238894120138018,0.151208629272083,1.57989739929561,0.114130364926396,"tournament_typeHSBC BWF World Tour Super 1000"
"MS",1,2,"final_score_diff","Controls + final score differential",0.0101018247798401,0.102084331117656,0.0989556836905493,0.921173456627062,"tournament_typeHSBC BWF World Tour Super 300"
"MS",1,2,"final_score_diff","Controls + final score differential",0.120272552553358,0.114540313294325,1.05004560485445,0.293697145770671,"tournament_typeHSBC BWF World Tour Super 500"
"MS",1,2,"final_score_diff","Controls + final score differential",0.137046202508015,0.144215899374738,0.950284976221013,0.34196747063838,"tournament_typeHSBC BWF World Tour Super 750"
"MS",2,3,"controls_only","Controls only",0.358646445387616,0.356277487911156,1.00664919215174,0.314103386050041,"(Intercept)"
"MS",2,3,"controls_only","Controls only",0.240986804873904,0.0414178832216608,5.81842397845848,5.94050661255217e-09,"elo_difference_100"
"MS",2,3,"controls_only","Controls only",-0.924546716391721,0.448246071262297,-2.06258743950197,0.0391518421294691,"roundQualification quarter final"
"MS",2,3,"controls_only","Controls only",-0.335300684470143,0.389466792707313,-0.860922396334118,0.389280785670897,"roundQualification round of 16"
"MS",2,3,"controls_only","Controls only",-0.19087939743715,0.474607178995538,-0.402183965782248,0.687548641698807,"roundQualification round of 32"
"MS",2,3,"controls_only","Controls only",-0.473513212198072,0.388620704336247,-1.21844566415168,0.223054661135211,"roundQuarter final"
"MS",2,3,"controls_only","Controls only",13.4076422356178,330.603246510469,0.0405550834032515,0.967650592924823,"roundRound 1"
"MS",2,3,"controls_only","Controls only",-0.285718624578299,1.67274175076414,-0.170808568894617,0.864374291092826,"roundRound 2"
"MS",2,3,"controls_only","Controls only",-0.250579791868962,1.72803333095486,-0.145008656592578,0.88470403706199,"roundRound 3"
"MS",2,3,"controls_only","Controls only",-0.752622193827764,0.366465740746104,-2.05373138644684,0.0400016970072771,"roundRound of 16"
"MS",2,3,"controls_only","Controls only",-0.464224442081913,0.354608996192179,-1.30911637061325,0.190494934727158,"roundRound of 32"
"MS",2,3,"controls_only","Controls only",-0.576613958918539,0.408729874149364,-1.41074581376898,0.158319577020546,"roundRound of 64"
"MS",2,3,"controls_only","Controls only",-0.364679095769615,0.40808217167061,-0.893641332765626,0.371513824087912,"roundSemi final"
"MS",2,3,"controls_only","Controls only",0.609491004685068,1.19819440680507,0.508674553330831,0.610980361853067,"tournament_typeHSBC BWF World Tour Finals"
"MS",2,3,"controls_only","Controls only",0.199657787951133,0.23191340283993,0.860915261930505,0.389284715306476,"tournament_typeHSBC BWF World Tour Super 1000"
"MS",2,3,"controls_only","Controls only",0.209959158232161,0.160701483043046,1.30651661861714,0.19137693131643,"tournament_typeHSBC BWF World Tour Super 300"
"MS",2,3,"controls_only","Controls only",0.305351808955967,0.176262663804298,1.73236806006174,0.0832080510491194,"tournament_typeHSBC BWF World Tour Super 500"
"MS",2,3,"controls_only","Controls only",0.153736484707463,0.227089364411224,0.67698672329308,0.498414378155974,"tournament_typeHSBC BWF World Tour Super 750"
"MS",2,3,"excess_late_game","Controls + final score differential + excess late-game momentum",0.391212460554965,0.357967852018362,1.09287037466956,0.274450717268142,"(Intercept)"
"MS",2,3,"excess_late_game","Controls + final score differential + excess late-game momentum",0.234512962833751,0.0417846863125952,5.61241410499859,1.99523256995358e-08,"elo_difference_100"
"MS",2,3,"excess_late_game","Controls + final score differential + excess late-game momentum",0.0468507637839738,0.0235703403637856,1.98769992545195,0.0468448871836264,"excess_late_game_momentum"
"MS",2,3,"excess_late_game","Controls + final score differential + excess late-game momentum",0.0272559043080581,0.00848933092029585,3.21060688574363,0.00132454998657876,"final_score_diff"
"MS",2,3,"excess_late_game","Controls + final score differential + excess late-game momentum",-0.997743949150942,0.451603402146663,-2.20933665337383,0.0271512335529141,"roundQualification quarter final"
"MS",2,3,"excess_late_game","Controls + final score differential + excess late-game momentum",-0.368398229620649,0.391160977299471,-0.941807212375906,0.346291351921958,"roundQualification round of 16"
"MS",2,3,"excess_late_game","Controls + final score differential + excess late-game momentum",-0.216606035745622,0.476595200741186,-0.454486397279625,0.649478780317894,"roundQualification round of 32"
"MS",2,3,"excess_late_game","Controls + final score differential + excess late-game momentum",-0.496792057883383,0.390198796465446,-1.27317680726721,0.202955308591859,"roundQuarter final"
"MS",2,3,"excess_late_game","Controls + final score differential + excess late-game momentum",13.5829187271477,329.666373501495,0.0412020145787968,0.967134847636581,"roundRound 1"
"MS",2,3,"excess_late_game","Controls + final score differential + excess late-game momentum",-0.29136398766738,1.69726382427708,-0.171666881423977,0.863699424031834,"roundRound 2"
"MS",2,3,"excess_late_game","Controls + final score differential + excess late-game momentum",-0.21914379072287,1.74526275257432,-0.12556492734382,0.900076327088149,"roundRound 3"
"MS",2,3,"excess_late_game","Controls + final score differential + excess late-game momentum",-0.785116679523717,0.368084809296369,-2.13297767170709,0.0329265578966281,"roundRound of 16"
"MS",2,3,"excess_late_game","Controls + final score differential + excess late-game momentum",-0.482050097078149,0.356071815099713,-1.35380020725077,0.175800127543865,"roundRound of 32"
"MS",2,3,"excess_late_game","Controls + final score differential + excess late-game momentum",-0.637431599862241,0.411244997118329,-1.55000450906113,0.12114043375206,"roundRound of 64"
"MS",2,3,"excess_late_game","Controls + final score differential + excess late-game momentum",-0.325705978428764,0.410296661124429,-0.793830438532348,0.427294149956933,"roundSemi final"
"MS",2,3,"excess_late_game","Controls + final score differential + excess late-game momentum",0.495359725523666,1.21817273483439,0.406641612768495,0.684271229497414,"tournament_typeHSBC BWF World Tour Finals"
"MS",2,3,"excess_late_game","Controls + final score differential + excess late-game momentum",0.168209483734616,0.233718210809358,0.719710642795493,0.471703172076036,"tournament_typeHSBC BWF World Tour Super 1000"
"MS",2,3,"excess_late_game","Controls + final score differential + excess late-game momentum",0.198065253234067,0.161700727303598,1.22488783159394,0.220617485797178,"tournament_typeHSBC BWF World Tour Super 300"
"MS",2,3,"excess_late_game","Controls + final score differential + excess late-game momentum",0.284797694692884,0.177403509322017,1.60536674714776,0.108413117914456,"tournament_typeHSBC BWF World Tour Super 500"
"MS",2,3,"excess_late_game","Controls + final score differential + excess late-game momentum",0.13029889651307,0.228601145069186,0.569983568864604,0.568688842539849,"tournament_typeHSBC BWF World Tour Super 750"
"MS",2,3,"excess_max_streak","Controls + final score differential + excess maximum streak",0.369662695949619,0.357135264211371,1.03507755462321,0.300632693838833,"(Intercept)"
"MS",2,3,"excess_max_streak","Controls + final score differential + excess maximum streak",0.235300715036963,0.0416889424624884,5.64419966394412,1.65951397260023e-08,"elo_difference_100"
"MS",2,3,"excess_max_streak","Controls + final score differential + excess maximum streak",0.0280858228472222,0.0360389758833684,0.779318006652445,0.435792410075022,"excess_max_streak_momentum"
"MS",2,3,"excess_max_streak","Controls + final score differential + excess maximum streak",0.0290827050195997,0.00848022661725333,3.42947262286952,0.000604755439864428,"final_score_diff"
"MS",2,3,"excess_max_streak","Controls + final score differential + excess maximum streak",-0.950748211366816,0.450500615939133,-2.11042599661012,0.0348216792142989,"roundQualification quarter final"
"MS",2,3,"excess_max_streak","Controls + final score differential + excess maximum streak",-0.330172097859042,0.390685234140974,-0.845110255024136,0.398049283146882,"roundQualification round of 16"
"MS",2,3,"excess_max_streak","Controls + final score differential + excess maximum streak",-0.196984404280232,0.476152358540698,-0.413700364488262,0.679093560128513,"roundQualification round of 32"
"MS",2,3,"excess_max_streak","Controls + final score differential + excess maximum streak",-0.469138410997566,0.389943746235735,-1.20309253713215,0.228940513011762,"roundQuarter final"
"MS",2,3,"excess_max_streak","Controls + final score differential + excess maximum streak",13.4380730065006,330.263460046007,0.0406889487702594,0.967543871904425,"roundRound 1"
"MS",2,3,"excess_max_streak","Controls + final score differential + excess maximum streak",-0.366890072275329,1.69885290192859,-0.215963413818126,0.829016266128303,"roundRound 2"
"MS",2,3,"excess_max_streak","Controls + final score differential + excess maximum streak",-0.229579826031288,1.74430125229286,-0.131617073443884,0.895287180356785,"roundRound 3"
"MS",2,3,"excess_max_streak","Controls + final score differential + excess maximum streak",-0.752013983322572,0.367043680264186,-2.04884057064079,0.0404777071496984,"roundRound of 16"
"MS",2,3,"excess_max_streak","Controls + final score differential + excess maximum streak",-0.449891723545927,0.355086852072696,-1.26699065572223,0.205158631105292,"roundRound of 32"
"MS",2,3,"excess_max_streak","Controls + final score differential + excess maximum streak",-0.598639736015899,0.410127280134522,-1.45964378624008,0.144387998715749,"roundRound of 64"
"MS",2,3,"excess_max_streak","Controls + final score differential + excess maximum streak",-0.313482451089099,0.409295438994033,-0.765907511355555,0.443731336227273,"roundSemi final"
"MS",2,3,"excess_max_streak","Controls + final score differential + excess maximum streak",0.592117708377237,1.21987487412947,0.485392166798899,0.627398187797016,"tournament_typeHSBC BWF World Tour Finals"
"MS",2,3,"excess_max_streak","Controls + final score differential + excess maximum streak",0.143031004946322,0.233761919432118,0.611866146948955,0.540626321094743,"tournament_typeHSBC BWF World Tour Super 1000"
"MS",2,3,"excess_max_streak","Controls + final score differential + excess maximum streak",0.200006715144336,0.161497019988818,1.23845452478433,0.215547573974398,"tournament_typeHSBC BWF World Tour Super 300"
"MS",2,3,"excess_max_streak","Controls + final score differential + excess maximum streak",0.280734633241636,0.177272037188487,1.58363742919669,0.113276251219065,"tournament_typeHSBC BWF World Tour Super 500"
"MS",2,3,"excess_max_streak","Controls + final score differential + excess maximum streak",0.119218711271767,0.228171002989918,0.52249720476986,0.601324192151297,"tournament_typeHSBC BWF World Tour Super 750"
"MS",2,3,"excess_streak_bonus","Controls + final score differential + excess streak bonus",0.374066085254759,0.356978635985272,1.04786686806152,0.294699949022721,"(Intercept)"
"MS",2,3,"excess_streak_bonus","Controls + final score differential + excess streak bonus",0.235078469502142,0.0416983554105968,5.63759570820872,1.72440769335344e-08,"elo_difference_100"
"MS",2,3,"excess_streak_bonus","Controls + final score differential + excess streak bonus",0.0293921253936941,0.0307801768444051,0.954904370506783,0.339626059381713,"excess_streak_bonus_momentum"
"MS",2,3,"excess_streak_bonus","Controls + final score differential + excess streak bonus",0.0295287804656184,0.00851952405722515,3.46601292129411,0.000528237892587322,"final_score_diff"
"MS",2,3,"excess_streak_bonus","Controls + final score differential + excess streak bonus",-0.949009089046097,0.450364347477772,-2.10720296657794,0.0350999899045069,"roundQualification quarter final"
"MS",2,3,"excess_streak_bonus","Controls + final score differential + excess streak bonus",-0.334197030791157,0.390276155895454,-0.856309117897225,0.391826819194164,"roundQualification round of 16"
"MS",2,3,"excess_streak_bonus","Controls + final score differential + excess streak bonus",-0.195279936987506,0.47614849496797,-0.410124024440405,0.681714970077132,"roundQualification round of 32"
"MS",2,3,"excess_streak_bonus","Controls + final score differential + excess streak bonus",-0.473545275105798,0.389537179999618,-1.21566130120432,0.22411397173179,"roundQuarter final"
"MS",2,3,"excess_streak_bonus","Controls + final score differential + excess streak bonus",13.4044959868967,329.985392473928,0.0406214829280838,0.967597657390318,"roundRound 1"
"MS",2,3,"excess_streak_bonus","Controls + final score differential + excess streak bonus",-0.404910410512,1.70044798316797,-0.238119845193761,0.811788143130928,"roundRound 2"
"MS",2,3,"excess_streak_bonus","Controls + final score differential + excess streak bonus",-0.26011398641563,1.74660943339836,-0.148925101079713,0.881612734281267,"roundRound 3"
"MS",2,3,"excess_streak_bonus","Controls + final score differential + excess streak bonus",-0.757081747951258,0.366913146819402,-2.06338136017759,0.0390764094974067,"roundRound of 16"
"MS",2,3,"excess_streak_bonus","Controls + final score differential + excess streak bonus",-0.458183027297104,0.35491284166993,-1.29097337008508,0.196712911774475,"roundRound of 32"
"MS",2,3,"excess_streak_bonus","Controls + final score differential + excess streak bonus",-0.605596290868194,0.409970537030023,-1.47717027485769,0.139629999658836,"roundRound of 64"
"MS",2,3,"excess_streak_bonus","Controls + final score differential + excess streak bonus",-0.323141637112728,0.409392183040465,-0.78932048656334,0.429924715814494,"roundSemi final"
"MS",2,3,"excess_streak_bonus","Controls + final score differential + excess streak bonus",0.61034372229485,1.21983585831838,0.500349057729987,0.61682931665623,"tournament_typeHSBC BWF World Tour Finals"
"MS",2,3,"excess_streak_bonus","Controls + final score differential + excess streak bonus",0.146939042568308,0.233836761877026,0.628382985587111,0.529753080311261,"tournament_typeHSBC BWF World Tour Super 1000"
"MS",2,3,"excess_streak_bonus","Controls + final score differential + excess streak bonus",0.199336784295839,0.161516996635562,1.23415360889611,0.217145670387435,"tournament_typeHSBC BWF World Tour Super 300"
"MS",2,3,"excess_streak_bonus","Controls + final score differential + excess streak bonus",0.282371800409207,0.177241610880817,1.59314620875954,0.111127395157794,"tournament_typeHSBC BWF World Tour Super 500"
"MS",2,3,"excess_streak_bonus","Controls + final score differential + excess streak bonus",0.124895801331158,0.228158311151551,0.547408510787047,0.584098109520318,"tournament_typeHSBC BWF World Tour Super 750"
"MS",2,3,"final_score_diff","Controls + final score differential",0.380476734877328,0.35695967932771,1.06588154604439,0.286477192030096,"(Intercept)"
"MS",2,3,"final_score_diff","Controls + final score differential",0.235686627934255,0.0416891482768094,5.65342871409443,1.57278358209365e-08,"elo_difference_100"
"MS",2,3,"final_score_diff","Controls + final score differential",0.028628087828785,0.00845719828499601,3.38505576717698,0.000711637949348191,"final_score_diff"
"MS",2,3,"final_score_diff","Controls + final score differential",-0.969761709666183,0.449937277616449,-2.15532643750594,0.0311362983790748,"roundQualification quarter final"
"MS",2,3,"final_score_diff","Controls + final score differential",-0.349048840126096,0.390049539583231,-0.894883353788999,0.370849446094587,"roundQualification round of 16"
"MS",2,3,"final_score_diff","Controls + final score differential",-0.210285779691519,0.475850623475865,-0.441915528355264,0.658550333389197,"roundQualification round of 32"
"MS",2,3,"final_score_diff","Controls + final score differential",-0.48753673169915,0.389267667465265,-1.25244599653952,0.210407394733748,"roundQuarter final"
"MS",2,3,"final_score_diff","Controls + final score differential",13.5166622711566,329.628581842999,0.0410057349868845,0.967291323850956,"roundRound 1"
"MS",2,3,"final_score_diff","Controls + final score differential",-0.297956833994799,1.69824727244754,-0.175449617278278,0.860726356214129,"roundRound 2"
"MS",2,3,"final_score_diff","Controls + final score differential",-0.169709330430551,1.74546390325925,-0.0972287826254431,0.922544711095924,"roundRound 3"
"MS",2,3,"final_score_diff","Controls + final score differential",-0.761642503685622,0.366914873638563,-2.07580165974927,0.0379122988092677,"roundRound of 16"
"MS",2,3,"final_score_diff","Controls + final score differential",-0.459854649862176,0.354935940247974,-1.29559900172663,0.195113673239315,"roundRound of 32"
"MS",2,3,"final_score_diff","Controls + final score differential",-0.609530891573424,0.409901135874434,-1.48701927910769,0.137009719144812,"roundRound of 64"
"MS",2,3,"final_score_diff","Controls + final score differential",-0.316906468932309,0.409408186242684,-0.77405992254502,0.43889535624849,"roundSemi final"
"MS",2,3,"final_score_diff","Controls + final score differential",0.512343528863884,1.2166304574468,0.42111680315737,0.67366979216493,"tournament_typeHSBC BWF World Tour Finals"
"MS",2,3,"final_score_diff","Controls + final score differential",0.145214535175293,0.233646945347468,0.621512662874051,0.534262365456754,"tournament_typeHSBC BWF World Tour Super 1000"
"MS",2,3,"final_score_diff","Controls + final score differential",0.201064665294638,0.161445829850106,1.24540017838377,0.212984687770432,"tournament_typeHSBC BWF World Tour Super 300"
"MS",2,3,"final_score_diff","Controls + final score differential",0.286000862522257,0.177129840593199,1.61463964267373,0.106388755299519,"tournament_typeHSBC BWF World Tour Super 500"
"MS",2,3,"final_score_diff","Controls + final score differential",0.121613036745932,0.228037527808896,0.533302732731995,0.593824036294977,"tournament_typeHSBC BWF World Tour Super 750"
"WS",1,2,"controls_only","Controls only",0.0458124077621085,0.239994869364847,0.190889113102094,0.84861246982291,"(Intercept)"
"WS",1,2,"controls_only","Controls only",0.532047256164637,0.0282116743890077,18.8591165780625,2.47317654804791e-79,"elo_difference_100"
"WS",1,2,"controls_only","Controls only",-0.18248098337504,0.270061393449418,-0.675701850769046,0.499229960672434,"roundQualification quarter final"
"WS",1,2,"controls_only","Controls only",-0.113139841085518,0.321161765973982,-0.352283033263316,0.72462601111157,"roundQualification round of 16"
"WS",1,2,"controls_only","Controls only",0.139740212493612,0.260309580306727,0.536823163899516,0.591389769568028,"roundQuarter final"
"WS",1,2,"controls_only","Controls only",0.0651999853521806,1.1707340059993,0.055691544806993,0.955587535316735,"roundRound 1"
"WS",1,2,"controls_only","Controls only",-1.10244862865922,1.06923304217959,-1.03106487095827,0.302510399967846,"roundRound 2"
"WS",1,2,"controls_only","Controls only",-1.51121584502411,1.08203286673891,-1.39664504792603,0.162520336620389,"roundRound 3"
"WS",1,2,"controls_only","Controls only",-0.0442190023954342,0.245929558182136,-0.179803528792117,0.857306813193855,"roundRound of 16"
"WS",1,2,"controls_only","Controls only",-0.00953905434064344,0.238520431006517,-0.0399926090204944,0.968099018727814,"roundRound of 32"
"WS",1,2,"controls_only","Controls only",-0.0915488517412095,0.281600334210993,-0.325102070626859,0.745103821875952,"roundSemi final"
"WS",1,2,"controls_only","Controls only",1.0493530213205,0.83481687885781,1.25698587066928,0.208758751956005,"tournament_typeHSBC BWF World Tour Finals"
"WS",1,2,"controls_only","Controls only",-0.125268022113554,0.153723145563662,-0.814893695118123,0.41513316244717,"tournament_typeHSBC BWF World Tour Super 1000"
"WS",1,2,"controls_only","Controls only",0.115724409656171,0.106285963127748,1.08880238039597,0.276241041695117,"tournament_typeHSBC BWF World Tour Super 300"
"WS",1,2,"controls_only","Controls only",0.0175109184834004,0.121246889984224,0.144423650665834,0.88516594205597,"tournament_typeHSBC BWF World Tour Super 500"
"WS",1,2,"controls_only","Controls only",-0.0829099350029159,0.147390680849958,-0.562518162782065,0.573763032385939,"tournament_typeHSBC BWF World Tour Super 750"
"WS",1,2,"excess_late_game","Controls + final score differential + excess late-game momentum",-0.0650299377427267,0.252923441546828,-0.257113130143322,0.797091441812189,"(Intercept)"
"WS",1,2,"excess_late_game","Controls + final score differential + excess late-game momentum",0.38533776927771,0.0297405545511621,12.9566437174136,2.1547068188957e-38,"elo_difference_100"
"WS",1,2,"excess_late_game","Controls + final score differential + excess late-game momentum",0.0135476455018962,0.0175516593903536,0.7718726304216,0.440189869090065,"excess_late_game_momentum"
"WS",1,2,"excess_late_game","Controls + final score differential + excess late-game momentum",0.107358990083722,0.00631506689923187,17.0004517445065,8.1489527615457e-65,"final_score_diff"
"WS",1,2,"excess_late_game","Controls + final score differential + excess late-game momentum",-0.0584388232344716,0.285814795639627,-0.204463954022012,0.837990957484577,"roundQualification quarter final"
"WS",1,2,"excess_late_game","Controls + final score differential + excess late-game momentum",-0.0527641639771317,0.341944779921683,-0.154306095824058,0.877368391111013,"roundQualification round of 16"
"WS",1,2,"excess_late_game","Controls + final score differential + excess late-game momentum",0.245270486362376,0.273508380385141,0.896756750257519,0.36984873092658,"roundQuarter final"
"WS",1,2,"excess_late_game","Controls + final score differential + excess late-game momentum",-0.0909340208731124,1.20281237957711,-0.0756011680766734,0.939736407135178,"roundRound 1"
"WS",1,2,"excess_late_game","Controls + final score differential + excess late-game momentum",-1.57383463147372,1.08899564576454,-1.44521664305534,0.148397043006332,"roundRound 2"
"WS",1,2,"excess_late_game","Controls + final score differential + excess late-game momentum",-1.56211160366084,1.11319152166536,-1.40327299773528,0.16053544701431,"roundRound 3"
"WS",1,2,"excess_late_game","Controls + final score differential + excess late-game momentum",0.068360182694746,0.258921807166518,0.264018637297638,0.791765557653371,"roundRound of 16"
"WS",1,2,"excess_late_game","Controls + final score differential + excess late-game momentum",0.0497940329351016,0.250959747582305,0.198414420698168,0.842720835647353,"roundRound of 32"
"WS",1,2,"excess_late_game","Controls + final score differential + excess late-game momentum",-0.0609451591147877,0.295053811319445,-0.206556081557626,0.836356562335,"roundSemi final"
"WS",1,2,"excess_late_game","Controls + final score differential + excess late-game momentum",1.34494250919883,0.862336339809946,1.55964957883516,0.118842713460188,"tournament_typeHSBC BWF World Tour Finals"
"WS",1,2,"excess_late_game","Controls + final score differential + excess late-game momentum",-0.0595627559145005,0.162403538685059,-0.366757746763188,0.71379972776345,"tournament_typeHSBC BWF World Tour Super 1000"
"WS",1,2,"excess_late_game","Controls + final score differential + excess late-game momentum",0.162661825266299,0.114108815939194,1.42549744230961,0.154013458922633,"tournament_typeHSBC BWF World Tour Super 300"
"WS",1,2,"excess_late_game","Controls + final score differential + excess late-game momentum",0.0136872004746004,0.129172493236587,0.105960643258092,0.915613578466481,"tournament_typeHSBC BWF World Tour Super 500"
"WS",1,2,"excess_late_game","Controls + final score differential + excess late-game momentum",-0.0844818433082423,0.156165193695579,-0.540977418264708,0.58852314756933,"tournament_typeHSBC BWF World Tour Super 750"
"WS",1,2,"excess_max_streak","Controls + final score differential + excess maximum streak",-0.0692463765697113,0.25281821215018,-0.273897896756652,0.784163087949129,"(Intercept)"
"WS",1,2,"excess_max_streak","Controls + final score differential + excess maximum streak",0.385640777679219,0.0297434236218244,12.9655813191678,1.91771008520049e-38,"elo_difference_100"
"WS",1,2,"excess_max_streak","Controls + final score differential + excess maximum streak",0.00698041813753534,0.0262640322236802,0.265778616096946,0.79040971296106,"excess_max_streak_momentum"
"WS",1,2,"excess_max_streak","Controls + final score differential + excess maximum streak",0.107387047503038,0.00631803300135973,16.9969114564497,8.65620585958917e-65,"final_score_diff"
"WS",1,2,"excess_max_streak","Controls + final score differential + excess maximum streak",-0.0564146592255693,0.285760026089837,-0.197419702109888,0.843499112955169,"roundQualification quarter final"
"WS",1,2,"excess_max_streak","Controls + final score differential + excess maximum streak",-0.0544469686718072,0.3419425916274,-0.159228390978377,0.87348893644084,"roundQualification round of 16"
"WS",1,2,"excess_max_streak","Controls + final score differential + excess maximum streak",0.248702262786392,0.273395860423786,0.909678231414636,0.362992227683529,"roundQuarter final"
"WS",1,2,"excess_max_streak","Controls + final score differential + excess maximum streak",-0.120150881937058,1.20261657529488,-0.0999078878549443,0.920417454083907,"roundRound 1"
"WS",1,2,"excess_max_streak","Controls + final score differential + excess maximum streak",-1.56589234495389,1.08997391020924,-1.4366328682613,0.150822339167427,"roundRound 2"
"WS",1,2,"excess_max_streak","Controls + final score differential + excess maximum streak",-1.57932781133916,1.11295350655315,-1.41904203728185,0.155886760803815,"roundRound 3"
"WS",1,2,"excess_max_streak","Controls + final score differential + excess maximum streak",0.0699752535650603,0.258878136340327,0.270301905577183,0.786927999468058,"roundRound of 16"
"WS",1,2,"excess_max_streak","Controls + final score differential + excess maximum streak",0.0522003754433651,0.250897386078436,0.208054680278917,0.835186272684148,"roundRound of 32"
"WS",1,2,"excess_max_streak","Controls + final score differential + excess maximum streak",-0.0614645203341824,0.294976943958801,-0.208370591644502,0.834939616826043,"roundSemi final"
"WS",1,2,"excess_max_streak","Controls + final score differential + excess maximum streak",1.35300895676748,0.862852934891395,1.56806438508293,0.116866107158153,"tournament_typeHSBC BWF World Tour Finals"
"WS",1,2,"excess_max_streak","Controls + final score differential + excess maximum streak",-0.0570076775742823,0.162392479752008,-0.351048753374169,0.725551773067675,"tournament_typeHSBC BWF World Tour Super 1000"
"WS",1,2,"excess_max_streak","Controls + final score differential + excess maximum streak",0.164220400205327,0.114077937867951,1.43954565864801,0.14999598334658,"tournament_typeHSBC BWF World Tour Super 300"
"WS",1,2,"excess_max_streak","Controls + final score differential + excess maximum streak",0.0178273241056479,0.129007072824328,0.138188734271367,0.890091258424871,"tournament_typeHSBC BWF World Tour Super 500"
"WS",1,2,"excess_max_streak","Controls + final score differential + excess maximum streak",-0.0817264833936671,0.156208444630824,-0.52318863802028,0.600842987384351,"tournament_typeHSBC BWF World Tour Super 750"
"WS",1,2,"excess_streak_bonus","Controls + final score differential + excess streak bonus",-0.0695514490824449,0.25283092479482,-0.275090751413768,0.783246516878022,"(Intercept)"
"WS",1,2,"excess_streak_bonus","Controls + final score differential + excess streak bonus",0.385690995502119,0.0297439208271091,12.9670529229823,1.88125356745853e-38,"elo_difference_100"
"WS",1,2,"excess_streak_bonus","Controls + final score differential + excess streak bonus",0.00432811588978482,0.0222670708494358,0.194372933873989,0.845883881386342,"excess_streak_bonus_momentum"
"WS",1,2,"excess_streak_bonus","Controls + final score differential + excess streak bonus",0.107449620383869,0.00633553903833406,16.9598229501436,1.628343512525e-64,"final_score_diff"
"WS",1,2,"excess_streak_bonus","Controls + final score differential + excess streak bonus",-0.0567315944140566,0.285746532654948,-0.198538172578852,0.842624021723503,"roundQualification quarter final"
"WS",1,2,"excess_streak_bonus","Controls + final score differential + excess streak bonus",-0.0538171859056346,0.341904424057582,-0.157404181165468,0.874926318440319,"roundQualification round of 16"
"WS",1,2,"excess_streak_bonus","Controls + final score differential + excess streak bonus",0.24893215883233,0.273379471241346,0.910573708047619,0.362520028862178,"roundQuarter final"
"WS",1,2,"excess_streak_bonus","Controls + final score differential + excess streak bonus",-0.114610538882791,1.20242210456164,-0.0953163938420557,0.924063521536093,"roundRound 1"
"WS",1,2,"excess_streak_bonus","Controls + final score differential + excess streak bonus",-1.56527404409198,1.08976110076659,-1.43634604225724,0.150903898719016,"roundRound 2"
"WS",1,2,"excess_streak_bonus","Controls + final score differential + excess streak bonus",-1.57860945546215,1.11279949799676,-1.41859288964807,0.15601774003866,"roundRound 3"
"WS",1,2,"excess_streak_bonus","Controls + final score differential + excess streak bonus",0.0703119894015054,0.258858525995999,0.271623231767117,0.785911734465212,"roundRound of 16"
"WS",1,2,"excess_streak_bonus","Controls + final score differential + excess streak bonus",0.0525459298762246,0.250883712326234,0.209443368758419,0.834102140046824,"roundRound of 32"
"WS",1,2,"excess_streak_bonus","Controls + final score differential + excess streak bonus",-0.0617338807916192,0.295006855755854,-0.209262529284099,0.834243301468899,"roundSemi final"
"WS",1,2,"excess_streak_bonus","Controls + final score differential + excess streak bonus",1.35007941776083,0.862656229192665,1.56502598842221,0.117576815783833,"tournament_typeHSBC BWF World Tour Finals"
"WS",1,2,"excess_streak_bonus","Controls + final score differential + excess streak bonus",-0.0578805081318615,0.162357569445759,-0.356500213260452,0.721465992410549,"tournament_typeHSBC BWF World Tour Super 1000"
"WS",1,2,"excess_streak_bonus","Controls + final score differential + excess streak bonus",0.164381438684309,0.114081033570188,1.44091820997724,0.149607790869952,"tournament_typeHSBC BWF World Tour Super 300"
"WS",1,2,"excess_streak_bonus","Controls + final score differential + excess streak bonus",0.0177166514222318,0.129058710458177,0.137275906130901,0.890812714245799,"tournament_typeHSBC BWF World Tour Super 500"
"WS",1,2,"excess_streak_bonus","Controls + final score differential + excess streak bonus",-0.0809940738403916,0.156149900780148,-0.518694366347549,0.603973890925083,"tournament_typeHSBC BWF World Tour Super 750"
"WS",1,2,"final_score_diff","Controls + final score differential",-0.0713537492019285,0.252671016971555,-0.282397839123596,0.777638471728104,"(Intercept)"
"WS",1,2,"final_score_diff","Controls + final score differential",0.385722303356535,0.0297454457045125,12.9674407029651,1.8717622149727e-38,"elo_difference_100"
"WS",1,2,"final_score_diff","Controls + final score differential",0.107357590508862,0.00631674764149374,16.9957067468781,8.83589602760473e-65,"final_score_diff"
"WS",1,2,"final_score_diff","Controls + final score differential",-0.0560061587283786,0.285739148543692,-0.196004499256827,0.84460664440728,"roundQualification quarter final"
"WS",1,2,"final_score_diff","Controls + final score differential",-0.0533848299535447,0.341914490477274,-0.156135032121702,0.875926585334647,"roundQualification round of 16"
"WS",1,2,"final_score_diff","Controls + final score differential",0.249968004672315,0.273336007288363,0.914508143848771,0.360449900614701,"roundQuarter final"
"WS",1,2,"final_score_diff","Controls + final score differential",-0.111770895874329,1.20228075550171,-0.0929657198311277,0.925930794857831,"roundRound 1"
"WS",1,2,"final_score_diff","Controls + final score differential",-1.56539709427573,1.08951687368287,-1.43678095501565,0.150780243553484,"roundRound 2"
"WS",1,2,"final_score_diff","Controls + final score differential",-1.57851617947462,1.11215230106989,-1.41933454433902,0.15580150555005,"roundRound 3"
"WS",1,2,"final_score_diff","Controls + final score differential",0.071606032068552,0.258788931177631,0.276696656780124,0.782013039189563,"roundRound of 16"
"WS",1,2,"final_score_diff","Controls + final score differential",0.0539637861760788,0.250791744597002,0.21517369426491,0.82963189949865,"roundRound of 32"
"WS",1,2,"final_score_diff","Controls + final score differential",-0.0602876995465849,0.294918039159888,-0.204421878425349,0.83802383464206,"roundSemi final"
"WS",1,2,"final_score_diff","Controls + final score differential",1.35170003038179,0.862239279622796,1.56766232103589,0.116959959461648,"tournament_typeHSBC BWF World Tour Finals"
"WS",1,2,"final_score_diff","Controls + final score differential",-0.057758322610168,0.16235985132701,-0.355742642889199,0.722033306910234,"tournament_typeHSBC BWF World Tour Super 1000"
"WS",1,2,"final_score_diff","Controls + final score differential",0.164854854511484,0.11405066505907,1.44545281192443,0.148330738390923,"tournament_typeHSBC BWF World Tour Super 300"
"WS",1,2,"final_score_diff","Controls + final score differential",0.0186882017176811,0.128960514097375,0.144914137854399,0.884778663873488,"tournament_typeHSBC BWF World Tour Super 500"
"WS",1,2,"final_score_diff","Controls + final score differential",-0.0799987131668047,0.156075685720454,-0.512563586041774,0.608256630583364,"tournament_typeHSBC BWF World Tour Super 750"
"WS",2,3,"controls_only","Controls only",-0.275836982654888,0.371270353255489,-0.742954508045708,0.457509223103726,"(Intercept)"
"WS",2,3,"controls_only","Controls only",0.416344396562246,0.0531681923949933,7.83070437055993,4.8514421938456e-15,"elo_difference_100"
"WS",2,3,"controls_only","Controls only",0.322292306083384,0.436621584561959,0.738150191101349,0.460423186653284,"roundQualification quarter final"
"WS",2,3,"controls_only","Controls only",0.252790315821356,0.552251548292332,0.457744874782212,0.647135744087122,"roundQualification round of 16"
"WS",2,3,"controls_only","Controls only",0.670634777090995,0.415342867412055,1.61465340977114,0.106385772243024,"roundQuarter final"
"WS",2,3,"controls_only","Controls only",-13.2170525988157,378.110835931407,-0.0349554980783819,0.972115226556671,"roundRound 1"
"WS",2,3,"controls_only","Controls only",-13.8897550941005,378.110821994816,-0.0367346139970861,0.970696609281044,"roundRound 2"
"WS",2,3,"controls_only","Controls only",-14.1724006274487,378.112353234416,-0.0374819825541705,0.970100705890424,"roundRound 3"
"WS",2,3,"controls_only","Controls only",0.368762361492083,0.389994581019039,0.945557655002597,0.344374250858673,"roundRound of 16"
"WS",2,3,"controls_only","Controls only",0.310412094789413,0.375959433584575,0.825653161113148,0.409000869424713,"roundRound of 32"
"WS",2,3,"controls_only","Controls only",0.413629784744362,0.432611445281315,0.956123073617227,0.33901005877187,"roundSemi final"
"WS",2,3,"controls_only","Controls only",13.70137435557,378.109877028779,0.0362364888831698,0.971093791163323,"tournament_typeHSBC BWF World Tour Finals"
"WS",2,3,"controls_only","Controls only",-0.303353176073184,0.262416915952058,-1.15599703232777,0.247682370864591,"tournament_typeHSBC BWF World Tour Super 1000"
"WS",2,3,"controls_only","Controls only",0.0156407764250538,0.194062067244163,0.0805967732239762,0.935762632452613,"tournament_typeHSBC BWF World Tour Super 300"
"WS",2,3,"controls_only","Controls only",-0.00269969956803386,0.207563414209575,-0.0130066253646608,0.989622507031613,"tournament_typeHSBC BWF World Tour Super 500"
"WS",2,3,"controls_only","Controls only",-0.0415285706615321,0.265668959918025,-0.156316984394211,0.875783169294642,"tournament_typeHSBC BWF World Tour Super 750"
"WS",2,3,"excess_late_game","Controls + final score differential + excess late-game momentum",-0.247255018024009,0.373842193535939,-0.66138874182547,0.508363043955681,"(Intercept)"
"WS",2,3,"excess_late_game","Controls + final score differential + excess late-game momentum",0.401811316090273,0.053640225569753,7.49085806076193,6.84247845591898e-14,"elo_difference_100"
"WS",2,3,"excess_late_game","Controls + final score differential + excess late-game momentum",0.0295196108436552,0.029258246396515,1.00893301818565,0.313006758818338,"excess_late_game_momentum"
"WS",2,3,"excess_late_game","Controls + final score differential + excess late-game momentum",0.0424723104569329,0.0108233934177929,3.9241214670356,8.70468101091172e-05,"final_score_diff"
"WS",2,3,"excess_late_game","Controls + final score differential + excess late-game momentum",0.354014416312658,0.439711819128713,0.805105528011815,0.420758786063854,"roundQualification quarter final"
"WS",2,3,"excess_late_game","Controls + final score differential + excess late-game momentum",0.255365902190748,0.557326410915742,0.458198099334924,0.646810125276993,"roundQualification round of 16"
"WS",2,3,"excess_late_game","Controls + final score differential + excess late-game momentum",0.637170784694919,0.418404267941684,1.52285919029804,0.127793937636402,"roundQuarter final"
"WS",2,3,"excess_late_game","Controls + final score differential + excess late-game momentum",-12.7719747318388,378.48553294436,-0.0337449482744598,0.973080535825906,"roundRound 1"
"WS",2,3,"excess_late_game","Controls + final score differential + excess late-game momentum",-13.4205665162222,378.485537160108,-0.0354585980138653,0.97171405959739,"roundRound 2"
"WS",2,3,"excess_late_game","Controls + final score differential + excess late-game momentum",-13.9091616726739,378.487027712167,-0.0367493748907336,0.97068483973887,"roundRound 3"
"WS",2,3,"excess_late_game","Controls + final score differential + excess late-game momentum",0.34802553562235,0.393041667010398,0.885467279511469,0.375904659618102,"roundRound of 16"
"WS",2,3,"excess_late_game","Controls + final score differential + excess late-game momentum",0.301976262039842,0.378525713177681,0.797769481773868,0.425004274378081,"roundRound of 32"
"WS",2,3,"excess_late_game","Controls + final score differential + excess late-game momentum",0.427548146886767,0.435691106187972,0.981310246673496,0.326439771269691,"roundSemi final"
"WS",2,3,"excess_late_game","Controls + final score differential + excess late-game momentum",13.1746035753398,378.484564279096,0.0348088266173644,0.972232182275347,"tournament_typeHSBC BWF World Tour Finals"
"WS",2,3,"excess_late_game","Controls + final score differential + excess late-game momentum",-0.318973816398488,0.26492465987085,-1.20401708377766,0.228582975574292,"tournament_typeHSBC BWF World Tour Super 1000"
"WS",2,3,"excess_late_game","Controls + final score differential + excess late-game momentum",-0.0051212290052837,0.19614649256426,-0.0261092051065146,0.979170234953368,"tournament_typeHSBC BWF World Tour Super 300"
"WS",2,3,"excess_late_game","Controls + final score differential + excess late-game momentum",-0.0253574810122458,0.20955894666768,-0.121004048815238,0.903687828271033,"tournament_typeHSBC BWF World Tour Super 500"
"WS",2,3,"excess_late_game","Controls + final score differential + excess late-game momentum",-0.0457385685071018,0.269821888637863,-0.169513929125628,0.865392417049481,"tournament_typeHSBC BWF World Tour Super 750"
"WS",2,3,"excess_max_streak","Controls + final score differential + excess maximum streak",-0.226829984983622,0.373593416559199,-0.607157339850176,0.543746500151274,"(Intercept)"
"WS",2,3,"excess_max_streak","Controls + final score differential + excess maximum streak",0.402908573189783,0.0536900345552547,7.50434557413319,6.17362416694492e-14,"elo_difference_100"
"WS",2,3,"excess_max_streak","Controls + final score differential + excess maximum streak",-0.00253420025901563,0.0435740683530316,-0.0581584496192519,0.953622417071215,"excess_max_streak_momentum"
"WS",2,3,"excess_max_streak","Controls + final score differential + excess maximum streak",0.0428348132575696,0.0108129617421651,3.96143205524675,7.45015831826647e-05,"final_score_diff"
"WS",2,3,"excess_max_streak","Controls + final score differential + excess maximum streak",0.347173148181294,0.439687239200279,0.789591139403424,0.429766584566354,"roundQualification quarter final"
"WS",2,3,"excess_max_streak","Controls + final score differential + excess maximum streak",0.207008958417119,0.555421890199733,0.372705797286235,0.709367421251894,"roundQualification round of 16"
"WS",2,3,"excess_max_streak","Controls + final score differential + excess maximum streak",0.616646400374894,0.417960829100693,1.47536888014531,0.140113397188612,"roundQuarter final"
"WS",2,3,"excess_max_streak","Controls + final score differential + excess maximum streak",-12.8382943478023,378.582268408196,-0.0339115046295822,0.972947719097888,"roundRound 1"
"WS",2,3,"excess_max_streak","Controls + final score differential + excess maximum streak",-13.439651353944,378.582271317627,-0.035499949078884,0.97168108698019,"roundRound 2"
"WS",2,3,"excess_max_streak","Controls + final score differential + excess maximum streak",-14.0122092895409,378.583783826622,-0.0370121750802671,0.970475298082535,"roundRound 3"
"WS",2,3,"excess_max_streak","Controls + final score differential + excess maximum streak",0.332311873418431,0.392838766371998,0.845924338087725,0.39759495428799,"roundRound of 16"
"WS",2,3,"excess_max_streak","Controls + final score differential + excess maximum streak",0.283384753750674,0.378286675858491,0.749126976538507,0.453780676949728,"roundRound of 32"
"WS",2,3,"excess_max_streak","Controls + final score differential + excess maximum streak",0.409952530141563,0.435694777062573,0.940916787906978,0.346747503752746,"roundSemi final"
"WS",2,3,"excess_max_streak","Controls + final score differential + excess maximum streak",13.1789111739558,378.581308479732,0.0348113096942856,0.972230202266601,"tournament_typeHSBC BWF World Tour Finals"
"WS",2,3,"excess_max_streak","Controls + final score differential + excess maximum streak",-0.31070145618831,0.264968754919704,-1.17259658136849,0.240957620990986,"tournament_typeHSBC BWF World Tour Super 1000"
"WS",2,3,"excess_max_streak","Controls + final score differential + excess maximum streak",-0.0160689038719058,0.195658693779119,-0.0821272163354322,0.93454555071845,"tournament_typeHSBC BWF World Tour Super 300"
"WS",2,3,"excess_max_streak","Controls + final score differential + excess maximum streak",-0.0228737995048487,0.209360362118332,-0.109255635944689,0.91299973326933,"tournament_typeHSBC BWF World Tour Super 500"
"WS",2,3,"excess_max_streak","Controls + final score differential + excess maximum streak",-0.0414032907049368,0.269527860985037,-0.153614140495981,0.87791398677956,"tournament_typeHSBC BWF World Tour Super 750"
"WS",2,3,"excess_streak_bonus","Controls + final score differential + excess streak bonus",-0.22760461724017,0.373382895630328,-0.609574300011623,0.542143840345636,"(Intercept)"
"WS",2,3,"excess_streak_bonus","Controls + final score differential + excess streak bonus",0.402842636925116,0.0536798944312544,7.5045348205932,6.16471230134973e-14,"elo_difference_100"
"WS",2,3,"excess_streak_bonus","Controls + final score differential + excess streak bonus",-0.000725883636408461,0.0374303044811427,-0.0193929396640137,0.98452764268269,"excess_streak_bonus_momentum"
"WS",2,3,"excess_streak_bonus","Controls + final score differential + excess streak bonus",0.0428195614672525,0.0108248772116362,3.95566255672847,7.63228294901529e-05,"final_score_diff"
"WS",2,3,"excess_streak_bonus","Controls + final score differential + excess streak bonus",0.346785590952411,0.439669700830072,0.788741162508353,0.430263304421749,"roundQualification quarter final"
"WS",2,3,"excess_streak_bonus","Controls + final score differential + excess streak bonus",0.20737710677519,0.555392028783747,0.373388698482629,0.70885916960443,"roundQualification round of 16"
"WS",2,3,"excess_streak_bonus","Controls + final score differential + excess streak bonus",0.617017742508245,0.417996520083866,1.47613129024244,0.139908650384263,"roundQuarter final"
"WS",2,3,"excess_streak_bonus","Controls + final score differential + excess streak bonus",-12.8435962348054,378.584111308418,-0.0339253440679718,0.972936683173685,"roundRound 1"
"WS",2,3,"excess_streak_bonus","Controls + final score differential + excess streak bonus",-13.4453833960596,378.584111402136,-0.0355149172696732,0.971669151618147,"roundRound 2"
"WS",2,3,"excess_streak_bonus","Controls + final score differential + excess streak bonus",-14.0209384597462,378.585608658795,-0.0370350539985337,0.970457055853917,"roundRound 3"
"WS",2,3,"excess_streak_bonus","Controls + final score differential + excess streak bonus",0.332963241131058,0.392675396023144,0.847935074372302,0.396474129758148,"roundRound of 16"
"WS",2,3,"excess_streak_bonus","Controls + final score differential + excess streak bonus",0.283894140614629,0.378204880921252,0.750635845637698,0.452871842232177,"roundRound of 32"
"WS",2,3,"excess_streak_bonus","Controls + final score differential + excess streak bonus",0.411080229548277,0.43522538793158,0.944522633438152,0.344902641439254,"roundSemi final"
"WS",2,3,"excess_streak_bonus","Controls + final score differential + excess streak bonus",13.1848448446861,378.583147650046,0.034826813941739,0.972217839163512,"tournament_typeHSBC BWF World Tour Finals"
"WS",2,3,"excess_streak_bonus","Controls + final score differential + excess streak bonus",-0.310783241461212,0.264953524619314,-1.17297266344256,0.240806768245435,"tournament_typeHSBC BWF World Tour Super 1000"
"WS",2,3,"excess_streak_bonus","Controls + final score differential + excess streak bonus",-0.0161107531516353,0.195662061734611,-0.08233968817873,0.934376594950491,"tournament_typeHSBC BWF World Tour Super 300"
"WS",2,3,"excess_streak_bonus","Controls + final score differential + excess streak bonus",-0.0228061564911853,0.20935193106651,-0.108936929193836,0.913252515671304,"tournament_typeHSBC BWF World Tour Super 500"
"WS",2,3,"excess_streak_bonus","Controls + final score differential + excess streak bonus",-0.0412609421351614,0.269539581150339,-0.153079343520044,0.878335705357528,"tournament_typeHSBC BWF World Tour Super 750"
"WS",2,3,"final_score_diff","Controls + final score differential",-0.227830241292092,0.373204875020767,-0.610469628188576,0.541550756632875,"(Intercept)"
"WS",2,3,"final_score_diff","Controls + final score differential",0.402816841864571,0.0536624107043874,7.50649917842094,6.07295183846164e-14,"elo_difference_100"
"WS",2,3,"final_score_diff","Controls + final score differential",0.0428295995345935,0.0108126901269982,3.96104938100947,7.46210972489988e-05,"final_score_diff"
"WS",2,3,"final_score_diff","Controls + final score differential",0.346849347257928,0.439660365229383,0.788902923002775,0.430168747183098,"roundQualification quarter final"
"WS",2,3,"final_score_diff","Controls + final score differential",0.207445004069318,0.555389438263695,0.373512691775072,0.708766901048876,"roundQualification round of 16"
"WS",2,3,"final_score_diff","Controls + final score differential",0.61723892160171,0.417845053733224,1.47719571187216,0.139623182933332,"roundQuarter final"
"WS",2,3,"final_score_diff","Controls + final score differential",-12.8448032204412,378.584934775581,-0.033928458426523,0.972934199704771,"roundRound 1"
"WS",2,3,"final_score_diff","Controls + final score differential",-13.4465207648421,378.584935271291,-0.0355178442459852,0.971666817701419,"roundRound 2"
"WS",2,3,"final_score_diff","Controls + final score differential",-14.0230927341403,378.586421140335,-0.0370406648286579,0.970452582128775,"roundRound 3"
"WS",2,3,"final_score_diff","Controls + final score differential",0.333107459731468,0.392607377542919,0.848449312940007,0.396187789464099,"roundRound of 16"
"WS",2,3,"final_score_diff","Controls + final score differential",0.284045117811234,0.378129345843832,0.751185066520981,0.452541286232753,"roundRound of 32"
"WS",2,3,"final_score_diff","Controls + final score differential",0.411272908234517,0.435117710751178,0.945199191098206,0.344557192359709,"roundSemi final"
"WS",2,3,"final_score_diff","Controls + final score differential",13.1856894539925,378.583973743879,0.0348289689169804,0.972216120784536,"tournament_typeHSBC BWF World Tour Finals"
"WS",2,3,"final_score_diff","Controls + final score differential",-0.310787541689341,0.264948890731545,-1.17300940883818,0.240792032626931,"tournament_typeHSBC BWF World Tour Super 1000"
"WS",2,3,"final_score_diff","Controls + final score differential",-0.0161075006961668,0.195663278951342,-0.082322553227642,0.934390220405586,"tournament_typeHSBC BWF World Tour Super 300"
"WS",2,3,"final_score_diff","Controls + final score differential",-0.0227965405634145,0.209349344178287,-0.108892342858263,0.913287880043673,"tournament_typeHSBC BWF World Tour Super 500"
"WS",2,3,"final_score_diff","Controls + final score differential",-0.0413084454953975,0.269532297786909,-0.153259723730979,0.87819346118594,"tournament_typeHSBC BWF World Tour Super 750"
