"discipline","focal_game","next_game","focal_team_one_points","focal_team_two_points","final_score_diff","predictor","n_matches","mean_momentum","predictor_label"
"WS",1,2,6,21,-15,"excess_late_game_momentum",23,0.276521739130435,"Excess late-game momentum"
"WS",1,2,6,21,-15,"excess_max_streak_momentum",23,-0.016695652173913,"Excess maximum-streak momentum"
"WS",1,2,6,21,-15,"excess_streak_bonus_momentum",23,0.275643320252379,"Excess streak-bonus momentum"
"WS",1,2,7,21,-14,"excess_late_game_momentum",37,0.0311351351351351,"Excess late-game momentum"
"WS",1,2,7,21,-14,"excess_max_streak_momentum",37,-0.608,"Excess maximum-streak momentum"
"WS",1,2,7,21,-14,"excess_streak_bonus_momentum",37,-0.691560561091036,"Excess streak-bonus momentum"
"WS",1,2,8,21,-13,"excess_late_game_momentum",45,0.0675555555555556,"Excess late-game momentum"
"WS",1,2,8,21,-13,"excess_max_streak_momentum",45,0.205777777777778,"Excess maximum-streak momentum"
"WS",1,2,8,21,-13,"excess_streak_bonus_momentum",45,0.694428373160875,"Excess streak-bonus momentum"
"WS",1,2,9,21,-12,"excess_late_game_momentum",55,0.249454545454545,"Excess late-game momentum"
"WS",1,2,9,21,-12,"excess_max_streak_momentum",55,0.202181818181818,"Excess maximum-streak momentum"
"WS",1,2,9,21,-12,"excess_streak_bonus_momentum",55,0.290624375402064,"Excess streak-bonus momentum"
"WS",1,2,10,21,-11,"excess_late_game_momentum",70,0.140571428571429,"Excess late-game momentum"
"WS",1,2,10,21,-11,"excess_max_streak_momentum",70,-0.261714285714286,"Excess maximum-streak momentum"
"WS",1,2,10,21,-11,"excess_streak_bonus_momentum",70,0.121856841163448,"Excess streak-bonus momentum"
"WS",1,2,11,21,-10,"excess_late_game_momentum",77,-0.172883116883117,"Excess late-game momentum"
"WS",1,2,11,21,-10,"excess_max_streak_momentum",77,-0.0737142857142857,"Excess maximum-streak momentum"
"WS",1,2,11,21,-10,"excess_streak_bonus_momentum",77,-0.130995387455888,"Excess streak-bonus momentum"
"WS",1,2,12,21,-9,"excess_late_game_momentum",90,0.2,"Excess late-game momentum"
"WS",1,2,12,21,-9,"excess_max_streak_momentum",90,0.198666666666667,"Excess maximum-streak momentum"
"WS",1,2,12,21,-9,"excess_streak_bonus_momentum",90,0.513976097848386,"Excess streak-bonus momentum"
"WS",1,2,13,21,-8,"excess_late_game_momentum",106,-0.0375849056603773,"Excess late-game momentum"
"WS",1,2,13,21,-8,"excess_max_streak_momentum",106,-0.265584905660377,"Excess maximum-streak momentum"
"WS",1,2,13,21,-8,"excess_streak_bonus_momentum",106,-0.109259969451956,"Excess streak-bonus momentum"
"WS",1,2,14,21,-7,"excess_late_game_momentum",110,-0.102545454545455,"Excess late-game momentum"
"WS",1,2,14,21,-7,"excess_max_streak_momentum",110,-0.0749090909090909,"Excess maximum-streak momentum"
"WS",1,2,14,21,-7,"excess_streak_bonus_momentum",110,0.115926970464658,"Excess streak-bonus momentum"
"WS",1,2,15,21,-6,"excess_late_game_momentum",148,0.342918918918919,"Excess late-game momentum"
"WS",1,2,15,21,-6,"excess_max_streak_momentum",148,0.166540540540541,"Excess maximum-streak momentum"
"WS",1,2,15,21,-6,"excess_streak_bonus_momentum",148,0.261617942238838,"Excess streak-bonus momentum"
"WS",1,2,16,21,-5,"excess_late_game_momentum",117,-0.433504273504274,"Excess late-game momentum"
"WS",1,2,16,21,-5,"excess_max_streak_momentum",117,0.231589743589744,"Excess maximum-streak momentum"
"WS",1,2,16,21,-5,"excess_streak_bonus_momentum",117,0.288682252226086,"Excess streak-bonus momentum"
"WS",1,2,17,21,-4,"excess_late_game_momentum",144,-0.153666666666667,"Excess late-game momentum"
"WS",1,2,17,21,-4,"excess_max_streak_momentum",144,0.0517777777777778,"Excess maximum-streak momentum"
"WS",1,2,17,21,-4,"excess_streak_bonus_momentum",144,0.13613188557223,"Excess streak-bonus momentum"
"WS",1,2,18,21,-3,"excess_late_game_momentum",129,-0.672992248062016,"Excess late-game momentum"
"WS",1,2,18,21,-3,"excess_max_streak_momentum",129,0.29662015503876,"Excess maximum-streak momentum"
"WS",1,2,18,21,-3,"excess_streak_bonus_momentum",129,0.382279739936504,"Excess streak-bonus momentum"
"WS",1,2,19,21,-2,"excess_late_game_momentum",118,-0.174237288135593,"Excess late-game momentum"
"WS",1,2,19,21,-2,"excess_max_streak_momentum",118,-0.310305084745763,"Excess maximum-streak momentum"
"WS",1,2,19,21,-2,"excess_streak_bonus_momentum",118,-0.18593075227154,"Excess streak-bonus momentum"
"WS",1,2,20,22,-2,"excess_late_game_momentum",56,0.474,"Excess late-game momentum"
"WS",1,2,20,22,-2,"excess_max_streak_momentum",56,-0.0937142857142857,"Excess maximum-streak momentum"
"WS",1,2,20,22,-2,"excess_streak_bonus_momentum",56,-0.0584924267564934,"Excess streak-bonus momentum"
"WS",1,2,21,6,15,"excess_late_game_momentum",23,-0.237565217391304,"Excess late-game momentum"
"WS",1,2,21,6,15,"excess_max_streak_momentum",23,0.375652173913044,"Excess maximum-streak momentum"
"WS",1,2,21,6,15,"excess_streak_bonus_momentum",23,0.862169346371734,"Excess streak-bonus momentum"
"WS",1,2,21,7,14,"excess_late_game_momentum",28,-0.292,"Excess late-game momentum"
"WS",1,2,21,7,14,"excess_max_streak_momentum",28,-0.58,"Excess maximum-streak momentum"
"WS",1,2,21,7,14,"excess_streak_bonus_momentum",28,-0.625788755795156,"Excess streak-bonus momentum"
"WS",1,2,21,8,13,"excess_late_game_momentum",43,-0.383627906976744,"Excess late-game momentum"
"WS",1,2,21,8,13,"excess_max_streak_momentum",43,0.281488372093023,"Excess maximum-streak momentum"
"WS",1,2,21,8,13,"excess_streak_bonus_momentum",43,-0.415660918090456,"Excess streak-bonus momentum"
"WS",1,2,21,9,12,"excess_late_game_momentum",71,-0.00653521126760568,"Excess late-game momentum"
"WS",1,2,21,9,12,"excess_max_streak_momentum",71,0.198704225352113,"Excess maximum-streak momentum"
"WS",1,2,21,9,12,"excess_streak_bonus_momentum",71,0.0178312668687096,"Excess streak-bonus momentum"
"WS",1,2,21,10,11,"excess_late_game_momentum",79,-0.543189873417722,"Excess late-game momentum"
"WS",1,2,21,10,11,"excess_max_streak_momentum",79,0.179392405063291,"Excess maximum-streak momentum"
"WS",1,2,21,10,11,"excess_streak_bonus_momentum",79,-0.0541734031292138,"Excess streak-bonus momentum"
"WS",1,2,21,11,10,"excess_late_game_momentum",111,0.397117117117117,"Excess late-game momentum"
"WS",1,2,21,11,10,"excess_max_streak_momentum",111,-0.316792792792793,"Excess maximum-streak momentum"
"WS",1,2,21,11,10,"excess_streak_bonus_momentum",111,-0.541936275400473,"Excess streak-bonus momentum"
"WS",1,2,21,12,9,"excess_late_game_momentum",133,0.239037593984962,"Excess late-game momentum"
"WS",1,2,21,12,9,"excess_max_streak_momentum",133,-0.233533834586466,"Excess maximum-streak momentum"
"WS",1,2,21,12,9,"excess_streak_bonus_momentum",133,-0.387095992169184,"Excess streak-bonus momentum"
"WS",1,2,21,13,8,"excess_late_game_momentum",125,-0.024,"Excess late-game momentum"
"WS",1,2,21,13,8,"excess_max_streak_momentum",125,0.08,"Excess maximum-streak momentum"
"WS",1,2,21,13,8,"excess_streak_bonus_momentum",125,0.0279922595063438,"Excess streak-bonus momentum"
"WS",1,2,21,14,7,"excess_late_game_momentum",118,-0.221016949152542,"Excess late-game momentum"
"WS",1,2,21,14,7,"excess_max_streak_momentum",118,-0.191389830508475,"Excess maximum-streak momentum"
"WS",1,2,21,14,7,"excess_streak_bonus_momentum",118,-0.321341278017682,"Excess streak-bonus momentum"
"WS",1,2,21,15,6,"excess_late_game_momentum",134,-0.0422686567164179,"Excess late-game momentum"
"WS",1,2,21,15,6,"excess_max_streak_momentum",134,0.140477611940299,"Excess maximum-streak momentum"
"WS",1,2,21,15,6,"excess_streak_bonus_momentum",134,0.0372617273996242,"Excess streak-bonus momentum"
"WS",1,2,21,16,5,"excess_late_game_momentum",142,0.184,"Excess late-game momentum"
"WS",1,2,21,16,5,"excess_max_streak_momentum",142,-0.236112676056338,"Excess maximum-streak momentum"
"WS",1,2,21,16,5,"excess_streak_bonus_momentum",142,-0.359923589633148,"Excess streak-bonus momentum"
"WS",1,2,21,17,4,"excess_late_game_momentum",132,0.549939393939394,"Excess late-game momentum"
"WS",1,2,21,17,4,"excess_max_streak_momentum",132,0.0791515151515151,"Excess maximum-streak momentum"
"WS",1,2,21,17,4,"excess_streak_bonus_momentum",132,0.0275823360595444,"Excess streak-bonus momentum"
"WS",1,2,21,18,3,"excess_late_game_momentum",126,0.148190476190476,"Excess late-game momentum"
"WS",1,2,21,18,3,"excess_max_streak_momentum",126,-0.240952380952381,"Excess maximum-streak momentum"
"WS",1,2,21,18,3,"excess_streak_bonus_momentum",126,-0.37379111506659,"Excess streak-bonus momentum"
"WS",1,2,21,19,2,"excess_late_game_momentum",123,-0.0759674796747968,"Excess late-game momentum"
"WS",1,2,21,19,2,"excess_max_streak_momentum",123,0.0870243902439024,"Excess maximum-streak momentum"
"WS",1,2,21,19,2,"excess_streak_bonus_momentum",123,0.0881219630270593,"Excess streak-bonus momentum"
"WS",1,2,21,23,-2,"excess_late_game_momentum",35,-0.779428571428571,"Excess late-game momentum"
"WS",1,2,21,23,-2,"excess_max_streak_momentum",35,-0.218285714285714,"Excess maximum-streak momentum"
"WS",1,2,21,23,-2,"excess_streak_bonus_momentum",35,-0.1098773958255,"Excess streak-bonus momentum"
"WS",1,2,22,20,2,"excess_late_game_momentum",58,-0.400827586206897,"Excess late-game momentum"
"WS",1,2,22,20,2,"excess_max_streak_momentum",58,0.515724137931034,"Excess maximum-streak momentum"
"WS",1,2,22,20,2,"excess_streak_bonus_momentum",58,0.423572333887865,"Excess streak-bonus momentum"
"WS",1,2,23,21,2,"excess_late_game_momentum",27,0.173333333333333,"Excess late-game momentum"
"WS",1,2,23,21,2,"excess_max_streak_momentum",27,-0.392296296296296,"Excess maximum-streak momentum"
"WS",1,2,23,21,2,"excess_streak_bonus_momentum",27,-0.258279066990207,"Excess streak-bonus momentum"
"WS",2,3,11,21,-10,"excess_late_game_momentum",23,-0.534260869565217,"Excess late-game momentum"
"WS",2,3,11,21,-10,"excess_max_streak_momentum",23,-0.353217391304348,"Excess maximum-streak momentum"
"WS",2,3,11,21,-10,"excess_streak_bonus_momentum",23,-0.234153729331869,"Excess streak-bonus momentum"
"WS",2,3,12,21,-9,"excess_late_game_momentum",25,0.56,"Excess late-game momentum"
"WS",2,3,12,21,-9,"excess_max_streak_momentum",25,-0.068,"Excess maximum-streak momentum"
"WS",2,3,12,21,-9,"excess_streak_bonus_momentum",25,0.302643361569125,"Excess streak-bonus momentum"
"WS",2,3,13,21,-8,"excess_late_game_momentum",37,-0.426162162162162,"Excess late-game momentum"
"WS",2,3,13,21,-8,"excess_max_streak_momentum",37,-0.0325405405405405,"Excess maximum-streak momentum"
"WS",2,3,13,21,-8,"excess_streak_bonus_momentum",37,0.0554361138842722,"Excess streak-bonus momentum"
"WS",2,3,14,21,-7,"excess_late_game_momentum",30,-0.314666666666667,"Excess late-game momentum"
"WS",2,3,14,21,-7,"excess_max_streak_momentum",30,0.582666666666667,"Excess maximum-streak momentum"
"WS",2,3,14,21,-7,"excess_streak_bonus_momentum",30,0.742444327524637,"Excess streak-bonus momentum"
"WS",2,3,15,21,-6,"excess_late_game_momentum",47,0.104851063829787,"Excess late-game momentum"
"WS",2,3,15,21,-6,"excess_max_streak_momentum",47,0.641957446808511,"Excess maximum-streak momentum"
"WS",2,3,15,21,-6,"excess_streak_bonus_momentum",47,0.753553226125854,"Excess streak-bonus momentum"
"WS",2,3,16,21,-5,"excess_late_game_momentum",44,-0.0236363636363637,"Excess late-game momentum"
"WS",2,3,16,21,-5,"excess_max_streak_momentum",44,0.783454545454546,"Excess maximum-streak momentum"
"WS",2,3,16,21,-5,"excess_streak_bonus_momentum",44,0.727354450172952,"Excess streak-bonus momentum"
"WS",2,3,17,21,-4,"excess_late_game_momentum",39,0.759794871794872,"Excess late-game momentum"
"WS",2,3,17,21,-4,"excess_max_streak_momentum",39,-0.463179487179487,"Excess maximum-streak momentum"
"WS",2,3,17,21,-4,"excess_streak_bonus_momentum",39,-0.430342086592491,"Excess streak-bonus momentum"
"WS",2,3,18,21,-3,"excess_late_game_momentum",37,-0.43372972972973,"Excess late-game momentum"
"WS",2,3,18,21,-3,"excess_max_streak_momentum",37,0.248432432432432,"Excess maximum-streak momentum"
"WS",2,3,18,21,-3,"excess_streak_bonus_momentum",37,0.319103851739555,"Excess streak-bonus momentum"
"WS",2,3,19,21,-2,"excess_late_game_momentum",39,-0.0994871794871794,"Excess late-game momentum"
"WS",2,3,19,21,-2,"excess_max_streak_momentum",39,-0.527384615384615,"Excess maximum-streak momentum"
"WS",2,3,19,21,-2,"excess_streak_bonus_momentum",39,-0.253861695401776,"Excess streak-bonus momentum"
"WS",2,3,20,22,-2,"excess_late_game_momentum",23,0.441391304347826,"Excess late-game momentum"
"WS",2,3,20,22,-2,"excess_max_streak_momentum",23,0.0615652173913043,"Excess maximum-streak momentum"
"WS",2,3,20,22,-2,"excess_streak_bonus_momentum",23,0.0872106242979888,"Excess streak-bonus momentum"
"WS",2,3,21,12,9,"excess_late_game_momentum",35,0.624,"Excess late-game momentum"
"WS",2,3,21,12,9,"excess_max_streak_momentum",35,0.322857142857143,"Excess maximum-streak momentum"
"WS",2,3,21,12,9,"excess_streak_bonus_momentum",35,0.104565126928906,"Excess streak-bonus momentum"
"WS",2,3,21,13,8,"excess_late_game_momentum",32,0.7495,"Excess late-game momentum"
"WS",2,3,21,13,8,"excess_max_streak_momentum",32,0.00625000000000003,"Excess maximum-streak momentum"
"WS",2,3,21,13,8,"excess_streak_bonus_momentum",32,-0.0589373727503354,"Excess streak-bonus momentum"
"WS",2,3,21,14,7,"excess_late_game_momentum",29,-0.180689655172414,"Excess late-game momentum"
"WS",2,3,21,14,7,"excess_max_streak_momentum",29,0.494758620689655,"Excess maximum-streak momentum"
"WS",2,3,21,14,7,"excess_streak_bonus_momentum",29,0.368499474387424,"Excess streak-bonus momentum"
"WS",2,3,21,15,6,"excess_late_game_momentum",53,-0.352603773584906,"Excess late-game momentum"
"WS",2,3,21,15,6,"excess_max_streak_momentum",53,0.0831698113207547,"Excess maximum-streak momentum"
"WS",2,3,21,15,6,"excess_streak_bonus_momentum",53,-0.0300105183574452,"Excess streak-bonus momentum"
"WS",2,3,21,16,5,"excess_late_game_momentum",47,0.779744680851064,"Excess late-game momentum"
"WS",2,3,21,16,5,"excess_max_streak_momentum",47,0.147914893617021,"Excess maximum-streak momentum"
"WS",2,3,21,16,5,"excess_streak_bonus_momentum",47,0.0389927759789331,"Excess streak-bonus momentum"
"WS",2,3,21,17,4,"excess_late_game_momentum",54,0.100444444444444,"Excess late-game momentum"
"WS",2,3,21,17,4,"excess_max_streak_momentum",54,0.00844444444444444,"Excess maximum-streak momentum"
"WS",2,3,21,17,4,"excess_streak_bonus_momentum",54,-0.272221073646921,"Excess streak-bonus momentum"
"WS",2,3,21,18,3,"excess_late_game_momentum",44,-0.00981818181818181,"Excess late-game momentum"
"WS",2,3,21,18,3,"excess_max_streak_momentum",44,0.435454545454545,"Excess maximum-streak momentum"
"WS",2,3,21,18,3,"excess_streak_bonus_momentum",44,0.395049904672271,"Excess streak-bonus momentum"
"WS",2,3,21,19,2,"excess_late_game_momentum",37,-0.625297297297297,"Excess late-game momentum"
"WS",2,3,21,19,2,"excess_max_streak_momentum",37,-0.0547027027027027,"Excess maximum-streak momentum"
"WS",2,3,21,19,2,"excess_streak_bonus_momentum",37,-0.415000449880234,"Excess streak-bonus momentum"
"WS",2,3,22,20,2,"excess_late_game_momentum",26,-0.056,"Excess late-game momentum"
"WS",2,3,22,20,2,"excess_max_streak_momentum",26,0.694769230769231,"Excess maximum-streak momentum"
"WS",2,3,22,20,2,"excess_streak_bonus_momentum",26,0.799598066266171,"Excess streak-bonus momentum"
"MS",1,2,7,21,-14,"excess_late_game_momentum",34,0.425411764705882,"Excess late-game momentum"
"MS",1,2,7,21,-14,"excess_max_streak_momentum",34,-0.137411764705882,"Excess maximum-streak momentum"
"MS",1,2,7,21,-14,"excess_streak_bonus_momentum",34,0.571579067425587,"Excess streak-bonus momentum"
"MS",1,2,8,21,-13,"excess_late_game_momentum",34,0.288470588235294,"Excess late-game momentum"
"MS",1,2,8,21,-13,"excess_max_streak_momentum",34,0.0632941176470588,"Excess maximum-streak momentum"
"MS",1,2,8,21,-13,"excess_streak_bonus_momentum",34,0.4939265038518,"Excess streak-bonus momentum"
"MS",1,2,9,21,-12,"excess_late_game_momentum",70,-0.0102857142857143,"Excess late-game momentum"
"MS",1,2,9,21,-12,"excess_max_streak_momentum",70,0.455428571428571,"Excess maximum-streak momentum"
"MS",1,2,9,21,-12,"excess_streak_bonus_momentum",70,0.726435647274665,"Excess streak-bonus momentum"
"MS",1,2,10,21,-11,"excess_late_game_momentum",70,-0.088,"Excess late-game momentum"
"MS",1,2,10,21,-11,"excess_max_streak_momentum",70,0.181142857142857,"Excess maximum-streak momentum"
"MS",1,2,10,21,-11,"excess_streak_bonus_momentum",70,0.36014530496907,"Excess streak-bonus momentum"
"MS",1,2,11,21,-10,"excess_late_game_momentum",100,-0.196,"Excess late-game momentum"
"MS",1,2,11,21,-10,"excess_max_streak_momentum",100,-0.258,"Excess maximum-streak momentum"
"MS",1,2,11,21,-10,"excess_streak_bonus_momentum",100,-0.0893766399791176,"Excess streak-bonus momentum"
"MS",1,2,12,21,-9,"excess_late_game_momentum",128,0.3125,"Excess late-game momentum"
"MS",1,2,12,21,-9,"excess_max_streak_momentum",128,0.182,"Excess maximum-streak momentum"
"MS",1,2,12,21,-9,"excess_streak_bonus_momentum",128,0.335878341901246,"Excess streak-bonus momentum"
"MS",1,2,13,21,-8,"excess_late_game_momentum",144,-0.0556666666666666,"Excess late-game momentum"
"MS",1,2,13,21,-8,"excess_max_streak_momentum",144,-0.0197777777777778,"Excess maximum-streak momentum"
"MS",1,2,13,21,-8,"excess_streak_bonus_momentum",144,0.130878816542558,"Excess streak-bonus momentum"
"MS",1,2,14,21,-7,"excess_late_game_momentum",148,0.0547027027027027,"Excess late-game momentum"
"MS",1,2,14,21,-7,"excess_max_streak_momentum",148,0.228162162162162,"Excess maximum-streak momentum"
"MS",1,2,14,21,-7,"excess_streak_bonus_momentum",148,0.405270611237294,"Excess streak-bonus momentum"
"MS",1,2,15,21,-6,"excess_late_game_momentum",157,-0.0282292993630573,"Excess late-game momentum"
"MS",1,2,15,21,-6,"excess_max_streak_momentum",157,0.232687898089172,"Excess maximum-streak momentum"
"MS",1,2,15,21,-6,"excess_streak_bonus_momentum",157,0.211882488979478,"Excess streak-bonus momentum"
"MS",1,2,16,21,-5,"excess_late_game_momentum",167,-0.136047904191617,"Excess late-game momentum"
"MS",1,2,16,21,-5,"excess_max_streak_momentum",167,0.284407185628743,"Excess maximum-streak momentum"
"MS",1,2,16,21,-5,"excess_streak_bonus_momentum",167,0.400064762411683,"Excess streak-bonus momentum"
"MS",1,2,17,21,-4,"excess_late_game_momentum",191,-0.132942408376963,"Excess late-game momentum"
"MS",1,2,17,21,-4,"excess_max_streak_momentum",191,-0.0702408376963351,"Excess maximum-streak momentum"
"MS",1,2,17,21,-4,"excess_streak_bonus_momentum",191,-0.0485873582811124,"Excess streak-bonus momentum"
"MS",1,2,18,21,-3,"excess_late_game_momentum",186,-0.392172043010753,"Excess late-game momentum"
"MS",1,2,18,21,-3,"excess_max_streak_momentum",186,0.434279569892473,"Excess maximum-streak momentum"
"MS",1,2,18,21,-3,"excess_streak_bonus_momentum",186,0.45026412472134,"Excess streak-bonus momentum"
"MS",1,2,19,21,-2,"excess_late_game_momentum",163,-0.196073619631902,"Excess late-game momentum"
"MS",1,2,19,21,-2,"excess_max_streak_momentum",163,-0.280098159509202,"Excess maximum-streak momentum"
"MS",1,2,19,21,-2,"excess_streak_bonus_momentum",163,-0.21130775861666,"Excess streak-bonus momentum"
"MS",1,2,20,22,-2,"excess_late_game_momentum",77,0.314909090909091,"Excess late-game momentum"
"MS",1,2,20,22,-2,"excess_max_streak_momentum",77,-0.392415584415584,"Excess maximum-streak momentum"
"MS",1,2,20,22,-2,"excess_streak_bonus_momentum",77,-0.417752854169277,"Excess streak-bonus momentum"
"MS",1,2,21,8,13,"excess_late_game_momentum",39,-0.179692307692308,"Excess late-game momentum"
"MS",1,2,21,8,13,"excess_max_streak_momentum",39,-0.210461538461538,"Excess maximum-streak momentum"
"MS",1,2,21,8,13,"excess_streak_bonus_momentum",39,-0.0852743474101691,"Excess streak-bonus momentum"
"MS",1,2,21,9,12,"excess_late_game_momentum",64,-0.0215,"Excess late-game momentum"
"MS",1,2,21,9,12,"excess_max_streak_momentum",64,0.138625,"Excess maximum-streak momentum"
"MS",1,2,21,9,12,"excess_streak_bonus_momentum",64,0.204216998615519,"Excess streak-bonus momentum"
"MS",1,2,21,10,11,"excess_late_game_momentum",87,-0.247540229885057,"Excess late-game momentum"
"MS",1,2,21,10,11,"excess_max_streak_momentum",87,-0.0538390804597701,"Excess maximum-streak momentum"
"MS",1,2,21,10,11,"excess_streak_bonus_momentum",87,-0.536918563888089,"Excess streak-bonus momentum"
"MS",1,2,21,11,10,"excess_late_game_momentum",113,0.554336283185841,"Excess late-game momentum"
"MS",1,2,21,11,10,"excess_max_streak_momentum",113,-0.594796460176991,"Excess maximum-streak momentum"
"MS",1,2,21,11,10,"excess_streak_bonus_momentum",113,-0.550851913486106,"Excess streak-bonus momentum"
"MS",1,2,21,12,9,"excess_late_game_momentum",141,0.124709219858156,"Excess late-game momentum"
"MS",1,2,21,12,9,"excess_max_streak_momentum",141,-0.0398581560283688,"Excess maximum-streak momentum"
"MS",1,2,21,12,9,"excess_streak_bonus_momentum",141,-0.160561002828017,"Excess streak-bonus momentum"
"MS",1,2,21,13,8,"excess_late_game_momentum",161,-0.234583850931677,"Excess late-game momentum"
"MS",1,2,21,13,8,"excess_max_streak_momentum",161,0.0285714285714286,"Excess maximum-streak momentum"
"MS",1,2,21,13,8,"excess_streak_bonus_momentum",161,0.0549293662888365,"Excess streak-bonus momentum"
"MS",1,2,21,14,7,"excess_late_game_momentum",163,-0.0998773006134969,"Excess late-game momentum"
"MS",1,2,21,14,7,"excess_max_streak_momentum",163,0.0181349693251534,"Excess maximum-streak momentum"
"MS",1,2,21,14,7,"excess_streak_bonus_momentum",163,0.112760674816562,"Excess streak-bonus momentum"
"MS",1,2,21,15,6,"excess_late_game_momentum",160,0.0665,"Excess late-game momentum"
"MS",1,2,21,15,6,"excess_max_streak_momentum",160,0.21725,"Excess maximum-streak momentum"
"MS",1,2,21,15,6,"excess_streak_bonus_momentum",160,0.0722872611671614,"Excess streak-bonus momentum"
"MS",1,2,21,16,5,"excess_late_game_momentum",189,-0.18637037037037,"Excess late-game momentum"
"MS",1,2,21,16,5,"excess_max_streak_momentum",189,0.0551534391534392,"Excess maximum-streak momentum"
"MS",1,2,21,16,5,"excess_streak_bonus_momentum",189,-0.19118775781449,"Excess streak-bonus momentum"
"MS",1,2,21,17,4,"excess_late_game_momentum",193,0.168953367875648,"Excess late-game momentum"
"MS",1,2,21,17,4,"excess_max_streak_momentum",193,0.0536373056994819,"Excess maximum-streak momentum"
"MS",1,2,21,17,4,"excess_streak_bonus_momentum",193,-0.0143690408904425,"Excess streak-bonus momentum"
"MS",1,2,21,18,3,"excess_late_game_momentum",183,0.169267759562842,"Excess late-game momentum"
"MS",1,2,21,18,3,"excess_max_streak_momentum",183,-0.264371584699454,"Excess maximum-streak momentum"
"MS",1,2,21,18,3,"excess_streak_bonus_momentum",183,-0.334615183390943,"Excess streak-bonus momentum"
"MS",1,2,21,19,2,"excess_late_game_momentum",174,-0.270528735632184,"Excess late-game momentum"
"MS",1,2,21,19,2,"excess_max_streak_momentum",174,0.0905287356321839,"Excess maximum-streak momentum"
"MS",1,2,21,19,2,"excess_streak_bonus_momentum",174,0.06788937911854,"Excess streak-bonus momentum"
"MS",1,2,21,23,-2,"excess_late_game_momentum",44,-0.135272727272727,"Excess late-game momentum"
"MS",1,2,21,23,-2,"excess_max_streak_momentum",44,-0.290363636363636,"Excess maximum-streak momentum"
"MS",1,2,21,23,-2,"excess_streak_bonus_momentum",44,-0.0863057449167235,"Excess streak-bonus momentum"
"MS",1,2,22,20,2,"excess_late_game_momentum",76,-0.24021052631579,"Excess late-game momentum"
"MS",1,2,22,20,2,"excess_max_streak_momentum",76,0.108736842105263,"Excess maximum-streak momentum"
"MS",1,2,22,20,2,"excess_streak_bonus_momentum",76,0.182860923428152,"Excess streak-bonus momentum"
"MS",1,2,23,21,2,"excess_late_game_momentum",49,0.431836734693878,"Excess late-game momentum"
"MS",1,2,23,21,2,"excess_max_streak_momentum",49,0.148897959183673,"Excess maximum-streak momentum"
"MS",1,2,23,21,2,"excess_streak_bonus_momentum",49,0.125460119693081,"Excess streak-bonus momentum"
"MS",1,2,24,22,2,"excess_late_game_momentum",21,-0.0144761904761905,"Excess late-game momentum"
"MS",1,2,24,22,2,"excess_max_streak_momentum",21,0.310095238095238,"Excess maximum-streak momentum"
"MS",1,2,24,22,2,"excess_streak_bonus_momentum",21,0.195997252029562,"Excess streak-bonus momentum"
"MS",2,3,10,21,-11,"excess_late_game_momentum",29,0.47751724137931,"Excess late-game momentum"
"MS",2,3,10,21,-11,"excess_max_streak_momentum",29,0.237793103448276,"Excess maximum-streak momentum"
"MS",2,3,10,21,-11,"excess_streak_bonus_momentum",29,0.61239683911469,"Excess streak-bonus momentum"
"MS",2,3,11,21,-10,"excess_late_game_momentum",36,-0.222666666666667,"Excess late-game momentum"
"MS",2,3,11,21,-10,"excess_max_streak_momentum",36,0.184222222222222,"Excess maximum-streak momentum"
"MS",2,3,11,21,-10,"excess_streak_bonus_momentum",36,0.320555783861286,"Excess streak-bonus momentum"
"MS",2,3,12,21,-9,"excess_late_game_momentum",47,0.425531914893617,"Excess late-game momentum"
"MS",2,3,12,21,-9,"excess_max_streak_momentum",47,0.0596595744680851,"Excess maximum-streak momentum"
"MS",2,3,12,21,-9,"excess_streak_bonus_momentum",47,0.00650576534462762,"Excess streak-bonus momentum"
"MS",2,3,13,21,-8,"excess_late_game_momentum",49,0.225795918367347,"Excess late-game momentum"
"MS",2,3,13,21,-8,"excess_max_streak_momentum",49,0.14065306122449,"Excess maximum-streak momentum"
"MS",2,3,13,21,-8,"excess_streak_bonus_momentum",49,0.120400110155911,"Excess streak-bonus momentum"
"MS",2,3,14,21,-7,"excess_late_game_momentum",51,-0.530352941176471,"Excess late-game momentum"
"MS",2,3,14,21,-7,"excess_max_streak_momentum",51,0.335607843137255,"Excess maximum-streak momentum"
"MS",2,3,14,21,-7,"excess_streak_bonus_momentum",51,0.296664012003664,"Excess streak-bonus momentum"
"MS",2,3,15,21,-6,"excess_late_game_momentum",55,-0.285090909090909,"Excess late-game momentum"
"MS",2,3,15,21,-6,"excess_max_streak_momentum",55,0.166909090909091,"Excess maximum-streak momentum"
"MS",2,3,15,21,-6,"excess_streak_bonus_momentum",55,0.317460993011565,"Excess streak-bonus momentum"
"MS",2,3,16,21,-5,"excess_late_game_momentum",61,-0.455081967213115,"Excess late-game momentum"
"MS",2,3,16,21,-5,"excess_max_streak_momentum",61,0.0453770491803279,"Excess maximum-streak momentum"
"MS",2,3,16,21,-5,"excess_streak_bonus_momentum",61,0.412037342978156,"Excess streak-bonus momentum"
"MS",2,3,17,21,-4,"excess_late_game_momentum",71,0.000676056338028098,"Excess late-game momentum"
"MS",2,3,17,21,-4,"excess_max_streak_momentum",71,0.178929577464789,"Excess maximum-streak momentum"
"MS",2,3,17,21,-4,"excess_streak_bonus_momentum",71,0.150460906139489,"Excess streak-bonus momentum"
"MS",2,3,18,21,-3,"excess_late_game_momentum",69,-0.0663188405797101,"Excess late-game momentum"
"MS",2,3,18,21,-3,"excess_max_streak_momentum",69,0.192811594202899,"Excess maximum-streak momentum"
"MS",2,3,18,21,-3,"excess_streak_bonus_momentum",69,0.287348501619325,"Excess streak-bonus momentum"
"MS",2,3,19,21,-2,"excess_late_game_momentum",77,-0.322597402597403,"Excess late-game momentum"
"MS",2,3,19,21,-2,"excess_max_streak_momentum",77,-0.00290909090909088,"Excess maximum-streak momentum"
"MS",2,3,19,21,-2,"excess_streak_bonus_momentum",77,0.0956777124199495,"Excess streak-bonus momentum"
"MS",2,3,20,22,-2,"excess_late_game_momentum",30,0.890666666666667,"Excess late-game momentum"
"MS",2,3,20,22,-2,"excess_max_streak_momentum",30,0.525333333333333,"Excess maximum-streak momentum"
"MS",2,3,20,22,-2,"excess_streak_bonus_momentum",30,0.566430644192207,"Excess streak-bonus momentum"
"MS",2,3,21,11,10,"excess_late_game_momentum",34,0.632941176470588,"Excess late-game momentum"
"MS",2,3,21,11,10,"excess_max_streak_momentum",34,0.00541176470588233,"Excess maximum-streak momentum"
"MS",2,3,21,11,10,"excess_streak_bonus_momentum",34,-0.124983078680897,"Excess streak-bonus momentum"
"MS",2,3,21,12,9,"excess_late_game_momentum",45,1.24622222222222,"Excess late-game momentum"
"MS",2,3,21,12,9,"excess_max_streak_momentum",45,0.18,"Excess maximum-streak momentum"
"MS",2,3,21,12,9,"excess_streak_bonus_momentum",45,0.0140087532506714,"Excess streak-bonus momentum"
"MS",2,3,21,13,8,"excess_late_game_momentum",54,0.497185185185185,"Excess late-game momentum"
"MS",2,3,21,13,8,"excess_max_streak_momentum",54,-0.122222222222222,"Excess maximum-streak momentum"
"MS",2,3,21,13,8,"excess_streak_bonus_momentum",54,-0.141416637593463,"Excess streak-bonus momentum"
"MS",2,3,21,14,7,"excess_late_game_momentum",61,0.407213114754098,"Excess late-game momentum"
"MS",2,3,21,14,7,"excess_max_streak_momentum",61,-0.201114754098361,"Excess maximum-streak momentum"
"MS",2,3,21,14,7,"excess_streak_bonus_momentum",61,-0.206542754375538,"Excess streak-bonus momentum"
"MS",2,3,21,15,6,"excess_late_game_momentum",65,-0.0344615384615384,"Excess late-game momentum"
"MS",2,3,21,15,6,"excess_max_streak_momentum",65,0.212923076923077,"Excess maximum-streak momentum"
"MS",2,3,21,15,6,"excess_streak_bonus_momentum",65,0.0751714007247043,"Excess streak-bonus momentum"
"MS",2,3,21,16,5,"excess_late_game_momentum",59,0.489084745762712,"Excess late-game momentum"
"MS",2,3,21,16,5,"excess_max_streak_momentum",59,-0.434847457627119,"Excess maximum-streak momentum"
"MS",2,3,21,16,5,"excess_streak_bonus_momentum",59,-0.615335348881492,"Excess streak-bonus momentum"
"MS",2,3,21,17,4,"excess_late_game_momentum",63,0.782984126984127,"Excess late-game momentum"
"MS",2,3,21,17,4,"excess_max_streak_momentum",63,0.0163809523809524,"Excess maximum-streak momentum"
"MS",2,3,21,17,4,"excess_streak_bonus_momentum",63,0.0678061163364338,"Excess streak-bonus momentum"
"MS",2,3,21,18,3,"excess_late_game_momentum",76,0.435157894736842,"Excess late-game momentum"
"MS",2,3,21,18,3,"excess_max_streak_momentum",76,-0.583684210526316,"Excess maximum-streak momentum"
"MS",2,3,21,18,3,"excess_streak_bonus_momentum",76,-0.522308390204936,"Excess streak-bonus momentum"
"MS",2,3,21,19,2,"excess_late_game_momentum",56,0.314857142857143,"Excess late-game momentum"
"MS",2,3,21,19,2,"excess_max_streak_momentum",56,0.00514285714285715,"Excess maximum-streak momentum"
"MS",2,3,21,19,2,"excess_streak_bonus_momentum",56,-0.0505944706465339,"Excess streak-bonus momentum"
"MS",2,3,21,23,-2,"excess_late_game_momentum",22,-2.13527272727273,"Excess late-game momentum"
"MS",2,3,21,23,-2,"excess_max_streak_momentum",22,-0.222181818181818,"Excess maximum-streak momentum"
"MS",2,3,21,23,-2,"excess_streak_bonus_momentum",22,0.000767253348895031,"Excess streak-bonus momentum"
"MS",2,3,22,20,2,"excess_late_game_momentum",35,0.886857142857143,"Excess late-game momentum"
"MS",2,3,22,20,2,"excess_max_streak_momentum",35,0.249714285714286,"Excess maximum-streak momentum"
"MS",2,3,22,20,2,"excess_streak_bonus_momentum",35,0.0724041379958817,"Excess streak-bonus momentum"
