"discipline","focal_game","next_game","model","model_description","odds_ratio","estimate","standard_error","z_value","p_value","term"
"MS",1,2,"adjusted_late_game","Controls + final score differential + adjusted late-game momentum",1.03724366749752,0.0365668751242525,0.241216912698357,0.151593330315025,0.879507694245958,"(Intercept)"
"MS",1,2,"adjusted_late_game","Controls + final score differential + adjusted late-game momentum",1.03462836178462,0.0340422914964962,0.0143246997762302,2.37647504159107,0.0174789438276151,"adjusted_late_game_momentum"
"MS",1,2,"adjusted_late_game","Controls + final score differential + adjusted late-game momentum",1.35349098107454,0.30268716664,0.0268790986415582,11.261060896291,2.04284463224541e-29,"elo_difference_100"
"MS",1,2,"adjusted_late_game","Controls + final score differential + adjusted late-game momentum",1.0902403479858,0.0863981746731612,0.00537849286760924,16.0636402798774,4.58815350853234e-58,"final_score_diff"
"MS",1,2,"adjusted_late_game","Controls + final score differential + adjusted late-game momentum",0.983000901529888,-0.0171452417144468,0.291288046362653,-0.0588600937406852,0.953063543495852,"roundQualification quarter final"
"MS",1,2,"adjusted_late_game","Controls + final score differential + adjusted late-game momentum",0.9444315490062,-0.0571720679266008,0.25682674987935,-0.222609474883199,0.823839461590992,"roundQualification round of 16"
"MS",1,2,"adjusted_late_game","Controls + final score differential + adjusted late-game momentum",1.00858074119088,0.00854413588258119,0.290810768784427,0.0293803971506805,0.976561206862981,"roundQualification round of 32"
"MS",1,2,"adjusted_late_game","Controls + final score differential + adjusted late-game momentum",0.943666681984975,-0.057982266305594,0.261076697046323,-0.222089014307187,0.82424458963938,"roundQuarter final"
"MS",1,2,"adjusted_late_game","Controls + final score differential + adjusted late-game momentum",1.19117013144871,0.174936127735412,1.04500796803961,0.167401716623832,0.867053974565034,"roundRound 1"
"MS",1,2,"adjusted_late_game","Controls + final score differential + adjusted late-game momentum",0.687652478977931,-0.374471686428382,1.0088401761767,-0.371190298791977,0.710495798247985,"roundRound 2"
"MS",1,2,"adjusted_late_game","Controls + final score differential + adjusted late-game momentum",0.576537567415793,-0.550714776754701,1.03033990252931,-0.534498154834912,0.592996925722631,"roundRound 3"
"MS",1,2,"adjusted_late_game","Controls + final score differential + adjusted late-game momentum",0.894523857243124,-0.11146370535144,0.247575546864154,-0.450220980073611,0.652551109949862,"roundRound of 16"
"MS",1,2,"adjusted_late_game","Controls + final score differential + adjusted late-game momentum",0.88733325314463,-0.119534659065634,0.240410962937061,-0.497209684638747,0.619041192681884,"roundRound of 32"
"MS",1,2,"adjusted_late_game","Controls + final score differential + adjusted late-game momentum",0.909197313963663,-0.095193141293569,0.267808372352845,-0.355452447051018,0.722250663621888,"roundRound of 64"
"MS",1,2,"adjusted_late_game","Controls + final score differential + adjusted late-game momentum",0.742437649494479,-0.297816385576085,0.284003093438163,-1.04863782281628,0.294344841065549,"roundSemi final"
"MS",1,2,"adjusted_late_game","Controls + final score differential + adjusted late-game momentum",1.90170543006233,0.642751078344752,0.770499483019093,0.834200531616482,0.404167991629772,"tournament_typeHSBC BWF World Tour Finals"
"MS",1,2,"adjusted_late_game","Controls + final score differential + adjusted late-game momentum",1.27643884715513,0.244074049897024,0.15142089736214,1.61189145057894,0.106985562935755,"tournament_typeHSBC BWF World Tour Super 1000"
"MS",1,2,"adjusted_late_game","Controls + final score differential + adjusted late-game momentum",1.00951906028284,0.00947403950667287,0.102187800854684,0.0927120402575782,0.926132331470415,"tournament_typeHSBC BWF World Tour Super 300"
"MS",1,2,"adjusted_late_game","Controls + final score differential + adjusted late-game momentum",1.12134892726294,0.114532359941862,0.114575685596256,0.999621859959473,0.317493540101433,"tournament_typeHSBC BWF World Tour Super 500"
"MS",1,2,"adjusted_late_game","Controls + final score differential + adjusted late-game momentum",1.1575803243374,0.146331899246492,0.144428229182964,1.0131807339486,0.310973841159245,"tournament_typeHSBC BWF World Tour Super 750"
"MS",1,2,"controls_only","Controls only",1.0461206592462,0.0450887119979251,0.231421605810482,0.194833632063074,0.845523192216842,"(Intercept)"
"MS",1,2,"controls_only","Controls only",1.47392084937852,0.387926094481753,0.0259263945238942,14.9625932030091,1.28903572148684e-50,"elo_difference_100"
"MS",1,2,"controls_only","Controls only",0.906185940882684,-0.0985107612341759,0.278644968167091,-0.353535044548529,0.72368736102906,"roundQualification quarter final"
"MS",1,2,"controls_only","Controls only",0.927960371409946,-0.0747662503297862,0.245612478454688,-0.304407377020055,0.76081754826312,"roundQualification round of 16"
"MS",1,2,"controls_only","Controls only",1.03756760433744,0.0368791318070176,0.277205645224895,0.133038891675882,0.894162622755824,"roundQualification round of 32"
"MS",1,2,"controls_only","Controls only",0.948517974661258,-0.0528545391685394,0.250493984314719,-0.211001231479209,0.832886310408001,"roundQuarter final"
"MS",1,2,"controls_only","Controls only",1.57728527448762,0.45570518856942,1.01831084863794,0.44751088449952,0.654506230769524,"roundRound 1"
"MS",1,2,"controls_only","Controls only",0.828505358280395,-0.188131974688763,0.980722740892039,-0.191829929953131,0.847875425620177,"roundRound 2"
"MS",1,2,"controls_only","Controls only",0.677155307982355,-0.389854626201659,0.981283547594582,-0.397290494839446,0.691153255867644,"roundRound 3"
"MS",1,2,"controls_only","Controls only",0.881281018957312,-0.126378726658314,0.237594018569315,-0.531910388229934,0.594788062051604,"roundRound of 16"
"MS",1,2,"controls_only","Controls only",0.887529808244935,-0.119313171441733,0.230720987812017,-0.517131850783098,0.605064120881009,"roundRound of 32"
"MS",1,2,"controls_only","Controls only",0.913395802287534,-0.0905859739418926,0.256491756799374,-0.353173041786088,0.723958716848224,"roundRound of 64"
"MS",1,2,"controls_only","Controls only",0.811603234923897,-0.208743685178518,0.273260115988094,-0.763901034088752,0.444926221154361,"roundSemi final"
"MS",1,2,"controls_only","Controls only",1.35350834124627,0.302699992776741,0.747358681792283,0.405026395158505,0.685458109037467,"tournament_typeHSBC BWF World Tour Finals"
"MS",1,2,"controls_only","Controls only",1.22108889940785,0.199743001165984,0.145829822722404,1.36969926615221,0.170780797878884,"tournament_typeHSBC BWF World Tour Super 1000"
"MS",1,2,"controls_only","Controls only",1.04903811246613,0.0478736609430349,0.0976780359763207,0.490116948652004,0.624051145446493,"tournament_typeHSBC BWF World Tour Super 300"
"MS",1,2,"controls_only","Controls only",1.12030722590206,0.113602956532337,0.109628512850381,1.03625374073422,0.300083781168594,"tournament_typeHSBC BWF World Tour Super 500"
"MS",1,2,"controls_only","Controls only",1.07911072891987,0.0761373028085826,0.138632172418254,0.54920370560793,0.582865661674019,"tournament_typeHSBC BWF World Tour Super 750"
"MS",1,2,"final_score_diff","Controls + final score differential",1.03342310075167,0.032876690745029,0.241153576854925,0.136330927261375,0.89155967570552,"(Intercept)"
"MS",1,2,"final_score_diff","Controls + final score differential",1.34928046976864,0.299571465006593,0.0268133018492947,11.1724944093177,5.55972689593449e-29,"elo_difference_100"
"MS",1,2,"final_score_diff","Controls + final score differential",1.09297934868188,0.0889073148547707,0.00529265491800061,16.7982451590396,2.51371541918953e-63,"final_score_diff"
"MS",1,2,"final_score_diff","Controls + final score differential",0.983069608655782,-0.0170753488743217,0.291383448689943,-0.0586009567499193,0.953269948618228,"roundQualification quarter final"
"MS",1,2,"final_score_diff","Controls + final score differential",0.949828639524222,-0.0514736901060672,0.256765257980142,-0.200469839693219,0.841113143640508,"roundQualification round of 16"
"MS",1,2,"final_score_diff","Controls + final score differential",1.0154324348103,0.0153145659107913,0.290771260916003,0.0526687742885818,0.957995818987442,"roundQualification round of 32"
"MS",1,2,"final_score_diff","Controls + final score differential",0.943360337370274,-0.0583069512351153,0.260974833794898,-0.223419823234524,0.823208777510026,"roundQuarter final"
"MS",1,2,"final_score_diff","Controls + final score differential",1.15902806858836,0.147581782000829,1.04530726631323,0.14118507232935,0.887723738502874,"roundRound 1"
"MS",1,2,"final_score_diff","Controls + final score differential",0.739054874379255,-0.30238310587966,1.0102639245954,-0.29931100034158,0.764702762049193,"roundRound 2"
"MS",1,2,"final_score_diff","Controls + final score differential",0.606910424086735,-0.499374070333417,1.030513589081,-0.484587564516013,0.627968936571745,"roundRound 3"
"MS",1,2,"final_score_diff","Controls + final score differential",0.89622576018115,-0.109562933257036,0.247527911769742,-0.442628600846254,0.658034393932617,"roundRound of 16"
"MS",1,2,"final_score_diff","Controls + final score differential",0.890822596498285,-0.115609977398103,0.240358914730246,-0.48098893077401,0.630524365901889,"roundRound of 32"
"MS",1,2,"final_score_diff","Controls + final score differential",0.912794790485352,-0.0912441876313727,0.26769242523565,-0.340854574241502,0.733213063572825,"roundRound of 64"
"MS",1,2,"final_score_diff","Controls + final score differential",0.738301542237012,-0.303402944016297,0.283840857711856,-1.0689192051565,0.285106077259818,"roundSemi final"
"MS",1,2,"final_score_diff","Controls + final score differential",1.88483668436107,0.6338411775503,0.771663316076587,0.821396021224614,0.411420729153915,"tournament_typeHSBC BWF World Tour Finals"
"MS",1,2,"final_score_diff","Controls + final score differential",1.26838516360866,0.237744566679442,0.151196127647847,1.57242497131392,0.115852026812029,"tournament_typeHSBC BWF World Tour Super 1000"
"MS",1,2,"final_score_diff","Controls + final score differential",1.01027650324553,0.0102240589758385,0.102073042973132,0.100164144009401,0.920214011750671,"tournament_typeHSBC BWF World Tour Super 300"
"MS",1,2,"final_score_diff","Controls + final score differential",1.12271890882663,0.115753340619765,0.114474766543915,1.01116904724465,0.311935527599891,"tournament_typeHSBC BWF World Tour Super 500"
"MS",1,2,"final_score_diff","Controls + final score differential",1.14552771954463,0.135865421260823,0.144202595405599,0.942184298962675,0.346098291061367,"tournament_typeHSBC BWF World Tour Super 750"
"MS",1,2,"max_streak_diff","Controls + final score differential + maximum-streak differential",1.03526576165756,0.034658168304758,0.241222353575233,0.14367726618648,0.885755323868749,"(Intercept)"
"MS",1,2,"max_streak_diff","Controls + final score differential + maximum-streak differential",1.34964089205629,0.299838551180271,0.0268254697994106,11.1773830401605,5.26187861882562e-29,"elo_difference_100"
"MS",1,2,"max_streak_diff","Controls + final score differential + maximum-streak differential",1.09046004388963,0.0865996658137097,0.00876041009989086,9.88534381681386,4.81924614049431e-23,"final_score_diff"
"MS",1,2,"max_streak_diff","Controls + final score differential + maximum-streak differential",1.00714732696605,0.00712190588133084,0.0215721090218368,0.330144163193387,0.741291034806152,"max_streak_diff"
"MS",1,2,"max_streak_diff","Controls + final score differential + maximum-streak differential",0.983234205037934,-0.016907931833892,0.291424679455828,-0.0580181879772978,0.953734141018197,"roundQualification quarter final"
"MS",1,2,"max_streak_diff","Controls + final score differential + maximum-streak differential",0.948616610780692,-0.0527505548542166,0.256805366535438,-0.205410640618125,0.837251307516513,"roundQualification round of 16"
"MS",1,2,"max_streak_diff","Controls + final score differential + maximum-streak differential",1.01364708591133,0.0135548030809271,0.290852107982802,0.0466037642805346,0.9628290318302,"roundQualification round of 32"
"MS",1,2,"max_streak_diff","Controls + final score differential + maximum-streak differential",0.941090404105233,-0.0607160716360322,0.261069292233402,-0.232566883361183,0.816097745461165,"roundQuarter final"
"MS",1,2,"max_streak_diff","Controls + final score differential + maximum-streak differential",1.15991345576099,0.148345395232427,1.04500793302163,0.141956238364131,0.88711457226556,"roundRound 1"
"MS",1,2,"max_streak_diff","Controls + final score differential + maximum-streak differential",0.739622199810501,-0.301615763950869,1.00998315933614,-0.298634448666569,0.765218977962967,"roundRound 2"
"MS",1,2,"max_streak_diff","Controls + final score differential + maximum-streak differential",0.603874332327105,-0.504389161755696,1.03009500875741,-0.489653048959177,0.624379430840623,"roundRound 3"
"MS",1,2,"max_streak_diff","Controls + final score differential + maximum-streak differential",0.895421492655394,-0.110460730051026,0.247550541775083,-0.446214858828252,0.655442050687929,"roundRound of 16"
"MS",1,2,"max_streak_diff","Controls + final score differential + maximum-streak differential",0.889481050984759,-0.117117075099495,0.240407346447354,-0.487160965878147,0.626144264933031,"roundRound of 32"
"MS",1,2,"max_streak_diff","Controls + final score differential + maximum-streak differential",0.911468800494221,-0.0926979141994054,0.267740444985515,-0.346223052719661,0.729175091268884,"roundRound of 64"
"MS",1,2,"max_streak_diff","Controls + final score differential + maximum-streak differential",0.737110266518203,-0.305017782626934,0.283879026735353,-1.07446395788614,0.282614790268137,"roundSemi final"
"MS",1,2,"max_streak_diff","Controls + final score differential + maximum-streak differential",1.88274321045524,0.63272986780785,0.771309760970675,0.820331726402081,0.412027024721625,"tournament_typeHSBC BWF World Tour Finals"
"MS",1,2,"max_streak_diff","Controls + final score differential + maximum-streak differential",1.26799001692765,0.237432982898594,0.151183998991637,1.57049016087826,0.116301121642939,"tournament_typeHSBC BWF World Tour Super 1000"
"MS",1,2,"max_streak_diff","Controls + final score differential + maximum-streak differential",1.00960493663634,0.00955910248812239,0.102086034202685,0.0936377102194353,0.925396952779908,"tournament_typeHSBC BWF World Tour Super 300"
"MS",1,2,"max_streak_diff","Controls + final score differential + maximum-streak differential",1.12286915367806,0.115887153988442,0.11447127152277,1.01236888912683,0.311361707754688,"tournament_typeHSBC BWF World Tour Super 500"
"MS",1,2,"max_streak_diff","Controls + final score differential + maximum-streak differential",1.14430064776064,0.134793662417265,0.144241571573013,0.934499402268608,0.350046344169185,"tournament_typeHSBC BWF World Tour Super 750"
"MS",1,2,"streak_bonus","Controls + final score differential + streak-bonus momentum",1.0343357404552,0.0337594240160493,0.241196716101086,0.13996635013016,0.888686577330126,"(Intercept)"
"MS",1,2,"streak_bonus","Controls + final score differential + streak-bonus momentum",1.3494298517865,0.299682171233056,0.0268199865803465,11.1738374788248,5.47627046450689e-29,"elo_difference_100"
"MS",1,2,"streak_bonus","Controls + final score differential + streak-bonus momentum",1.09018570819476,0.0863480562195756,0.0157707729634818,5.47519493302704,4.37030251634858e-08,"final_score_diff"
"MS",1,2,"streak_bonus","Controls + final score differential + streak-bonus momentum",0.983312718525115,-0.0168280827478809,0.291397354747521,-0.0577496071042289,0.953948078844902,"roundQualification quarter final"
"MS",1,2,"streak_bonus","Controls + final score differential + streak-bonus momentum",0.94916170156329,-0.0521761033558064,0.256790427436186,-0.203185546582621,0.838990009367306,"roundQualification round of 16"
"MS",1,2,"streak_bonus","Controls + final score differential + streak-bonus momentum",1.01421556679713,0.0141154731045383,0.29086326492942,0.0485295835070938,0.961294187981877,"roundQualification round of 32"
"MS",1,2,"streak_bonus","Controls + final score differential + streak-bonus momentum",0.942274832499388,-0.0594582927121326,0.261043296491684,-0.227771766259575,0.819823677046795,"roundQuarter final"
"MS",1,2,"streak_bonus","Controls + final score differential + streak-bonus momentum",1.15942232990853,0.147921889621177,1.04514351129768,0.141532610614894,0.887449199780928,"roundRound 1"
"MS",1,2,"streak_bonus","Controls + final score differential + streak-bonus momentum",0.738884489950051,-0.302613676137237,1.01009482196497,-0.299589374736673,0.764490389850486,"roundRound 2"
"MS",1,2,"streak_bonus","Controls + final score differential + streak-bonus momentum",0.60602974731718,-0.500826206135453,1.03027688581593,-0.486108358860079,0.626890340734116,"roundRound 3"
"MS",1,2,"streak_bonus","Controls + final score differential + streak-bonus momentum",0.895857105976452,-0.109974358662479,0.24752933202161,-0.444288189057443,0.656834239326191,"roundRound of 16"
"MS",1,2,"streak_bonus","Controls + final score differential + streak-bonus momentum",0.890146366468351,-0.11636937307146,0.240387255921281,-0.484091274412514,0.62832109351745,"roundRound of 32"
"MS",1,2,"streak_bonus","Controls + final score differential + streak-bonus momentum",0.912003659486932,-0.0921112763205358,0.267730545656704,-0.344044703956361,0.73081266697134,"roundRound of 64"
"MS",1,2,"streak_bonus","Controls + final score differential + streak-bonus momentum",0.738011561499758,-0.303795788515544,0.283839018919983,-1.07031016972753,0.284479718321527,"roundSemi final"
"MS",1,2,"streak_bonus","Controls + final score differential + streak-bonus momentum",1.00311928524771,0.00311443037069145,0.0180879392427297,0.172182708538413,0.863293891446462,"streak_bonus_momentum"
"MS",1,2,"streak_bonus","Controls + final score differential + streak-bonus momentum",1.88373374170055,0.633255840105423,0.771510394033036,0.820800140870567,0.41176011834727,"tournament_typeHSBC BWF World Tour Finals"
"MS",1,2,"streak_bonus","Controls + final score differential + streak-bonus momentum",1.26828121518134,0.237662609959991,0.151182909067893,1.57202035220305,0.115945831306086,"tournament_typeHSBC BWF World Tour Super 1000"
"MS",1,2,"streak_bonus","Controls + final score differential + streak-bonus momentum",1.0099047734096,0.00985604265530639,0.102091191448501,0.0965415577530818,0.923090469734189,"tournament_typeHSBC BWF World Tour Super 300"
"MS",1,2,"streak_bonus","Controls + final score differential + streak-bonus momentum",1.12273661026951,0.115769107080273,0.114473179547588,1.01132079617083,0.311862915769967,"tournament_typeHSBC BWF World Tour Super 500"
"MS",1,2,"streak_bonus","Controls + final score differential + streak-bonus momentum",1.14500886100625,0.135412375846345,0.144226001491796,0.938890175458736,0.347787133881434,"tournament_typeHSBC BWF World Tour Super 750"
"MS",2,3,"adjusted_late_game","Controls + final score differential + adjusted late-game momentum",1.48351179268266,0.394412109947117,0.35798201961376,1.10176513997173,0.270563789280146,"(Intercept)"
"MS",2,3,"adjusted_late_game","Controls + final score differential + adjusted late-game momentum",1.0335898070932,0.0330379924391344,0.0226070293645508,1.46140352659248,0.143904733468922,"adjusted_late_game_momentum"
"MS",2,3,"adjusted_late_game","Controls + final score differential + adjusted late-game momentum",1.26506346567375,0.235122291414069,0.0417225808669128,5.63537265741218,1.74680183163852e-08,"elo_difference_100"
"MS",2,3,"adjusted_late_game","Controls + final score differential + adjusted late-game momentum",1.02552859083218,0.0252081780365182,0.0087667592290878,2.87542721064796,0.00403481164561497,"final_score_diff"
"MS",2,3,"adjusted_late_game","Controls + final score differential + adjusted late-game momentum",0.370131428417307,-0.993897124478024,0.451376217445871,-2.20192621158028,0.0276705211258928,"roundQualification quarter final"
"MS",2,3,"adjusted_late_game","Controls + final score differential + adjusted late-game momentum",0.691802150721357,-0.368455273606542,0.391178062653223,-0.941911903513813,0.346237745257061,"roundQualification round of 16"
"MS",2,3,"adjusted_late_game","Controls + final score differential + adjusted late-game momentum",0.799755287553186,-0.223449488666787,0.476611336887778,-0.468829571125791,0.639191461088004,"roundQualification round of 32"
"MS",2,3,"adjusted_late_game","Controls + final score differential + adjusted late-game momentum",0.606864127136997,-0.499450356246173,0.390226462302929,-1.27989873700173,0.200580751893045,"roundQuarter final"
"MS",2,3,"adjusted_late_game","Controls + final score differential + adjusted late-game momentum",764158.026634293,13.5465298879043,329.725858239516,0.0410842205710903,0.96722875414258,"roundRound 1"
"MS",2,3,"adjusted_late_game","Controls + final score differential + adjusted late-game momentum",0.746943179739116,-0.291766161348649,1.69979083916716,-0.171648272614297,0.86371405456405,"roundRound 2"
"MS",2,3,"adjusted_late_game","Controls + final score differential + adjusted late-game momentum",0.782914264209494,-0.244732085526117,1.74616516459219,-0.140154030379636,0.88853829176161,"roundRound 3"
"MS",2,3,"adjusted_late_game","Controls + final score differential + adjusted late-game momentum",0.455691612129659,-0.785938987443786,0.368220706500159,-2.13442365833776,0.0328081166711683,"roundRound of 16"
"MS",2,3,"adjusted_late_game","Controls + final score differential + adjusted late-game momentum",0.616836102569287,-0.483151926394578,0.356207627112847,-1.35637726320081,0.174979163707405,"roundRound of 32"
"MS",2,3,"adjusted_late_game","Controls + final score differential + adjusted late-game momentum",0.531494810065024,-0.632061845942025,0.411113819234075,-1.53743760576958,0.124186183312398,"roundRound of 64"
"MS",2,3,"adjusted_late_game","Controls + final score differential + adjusted late-game momentum",0.72088962519448,-0.327269239137945,0.410266237934619,-0.797699661530763,0.425044800323937,"roundSemi final"
"MS",2,3,"adjusted_late_game","Controls + final score differential + adjusted late-game momentum",1.64862531099303,0.499941795801717,1.21943927625101,0.409976786493801,0.681822976202469,"tournament_typeHSBC BWF World Tour Finals"
"MS",2,3,"adjusted_late_game","Controls + final score differential + adjusted late-game momentum",1.17526955620743,0.161497530824013,0.233743926306598,0.690916480166332,0.489618028866871,"tournament_typeHSBC BWF World Tour Super 1000"
"MS",2,3,"adjusted_late_game","Controls + final score differential + adjusted late-game momentum",1.22270935900082,0.201069182510856,0.161582060440502,1.24437813184648,0.213360427416267,"tournament_typeHSBC BWF World Tour Super 300"
"MS",2,3,"adjusted_late_game","Controls + final score differential + adjusted late-game momentum",1.32952853492327,0.284824394368894,0.177294815096617,1.60650154497569,0.108163755758792,"tournament_typeHSBC BWF World Tour Super 500"
"MS",2,3,"adjusted_late_game","Controls + final score differential + adjusted late-game momentum",1.13753489914862,0.128863551942542,0.228381829363724,0.564246079916071,0.572586671627888,"tournament_typeHSBC BWF World Tour Super 750"
"MS",2,3,"controls_only","Controls only",1.43139063733663,0.358646445387616,0.356277487911156,1.00664919215174,0.314103386050041,"(Intercept)"
"MS",2,3,"controls_only","Controls only",1.27250424434349,0.240986804873904,0.0414178832216608,5.81842397845848,5.94050661255217e-09,"elo_difference_100"
"MS",2,3,"controls_only","Controls only",0.396711201010451,-0.924546716391721,0.448246071262297,-2.06258743950197,0.0391518421294691,"roundQualification quarter final"
"MS",2,3,"controls_only","Controls only",0.715123027633121,-0.335300684470143,0.389466792707313,-0.860922396334118,0.389280785670897,"roundQualification round of 16"
"MS",2,3,"controls_only","Controls only",0.82623222786686,-0.19087939743715,0.474607178995538,-0.402183965782248,0.687548641698807,"roundQualification round of 32"
"MS",2,3,"controls_only","Controls only",0.622810355272213,-0.473513212198072,0.388620704336247,-1.21844566415168,0.223054661135211,"roundQuarter final"
"MS",2,3,"controls_only","Controls only",665066.447446106,13.4076422356178,330.603246510469,0.0405550834032515,0.967650592924823,"roundRound 1"
"MS",2,3,"controls_only","Controls only",0.751474032524576,-0.285718624578299,1.67274175076414,-0.170808568894617,0.864374291092826,"roundRound 2"
"MS",2,3,"controls_only","Controls only",0.778349371584839,-0.250579791868962,1.72803333095486,-0.145008656592578,0.88470403706199,"roundRound 3"
"MS",2,3,"controls_only","Controls only",0.471129538636149,-0.752622193827764,0.366465740746104,-2.05373138644684,0.0400016970072771,"roundRound of 16"
"MS",2,3,"controls_only","Controls only",0.628622449301464,-0.464224442081913,0.354608996192179,-1.30911637061325,0.190494934727158,"roundRound of 32"
"MS",2,3,"controls_only","Controls only",0.561797418755973,-0.576613958918539,0.408729874149364,-1.41074581376898,0.158319577020546,"roundRound of 64"
"MS",2,3,"controls_only","Controls only",0.694419457267809,-0.364679095769615,0.40808217167061,-0.893641332765626,0.371513824087912,"roundSemi final"
"MS",2,3,"controls_only","Controls only",1.83949486618777,0.609491004685068,1.19819440680507,0.508674553330831,0.610980361853067,"tournament_typeHSBC BWF World Tour Finals"
"MS",2,3,"controls_only","Controls only",1.22098485093033,0.199657787951133,0.23191340283993,0.860915261930505,0.389284715306476,"tournament_typeHSBC BWF World Tour Super 1000"
"MS",2,3,"controls_only","Controls only",1.23362767539273,0.209959158232161,0.160701483043046,1.30651661861714,0.19137693131643,"tournament_typeHSBC BWF World Tour Super 300"
"MS",2,3,"controls_only","Controls only",1.35710235979644,0.305351808955967,0.176262663804298,1.73236806006174,0.0832080510491194,"tournament_typeHSBC BWF World Tour Super 500"
"MS",2,3,"controls_only","Controls only",1.16618353908836,0.153736484707463,0.227089364411224,0.67698672329308,0.498414378155974,"tournament_typeHSBC BWF World Tour Super 750"
"MS",2,3,"final_score_diff","Controls + final score differential",1.4629818776962,0.380476734877328,0.35695967932771,1.06588154604439,0.286477192030096,"(Intercept)"
"MS",2,3,"final_score_diff","Controls + final score differential",1.26577758867167,0.235686627934255,0.0416891482768094,5.65342871409443,1.57278358209365e-08,"elo_difference_100"
"MS",2,3,"final_score_diff","Controls + final score differential",1.02904181012459,0.028628087828785,0.00845719828499601,3.38505576717698,0.000711637949348191,"final_score_diff"
"MS",2,3,"final_score_diff","Controls + final score differential",0.379173380690548,-0.969761709666183,0.449937277616449,-2.15532643750594,0.0311362983790748,"roundQualification quarter final"
"MS",2,3,"final_score_diff","Controls + final score differential",0.705358679621818,-0.349048840126096,0.390049539583231,-0.894883353788999,0.370849446094587,"roundQualification round of 16"
"MS",2,3,"final_score_diff","Controls + final score differential",0.810352630551492,-0.210285779691519,0.475850623475865,-0.441915528355264,0.658550333389197,"roundQualification round of 32"
"MS",2,3,"final_score_diff","Controls + final score differential",0.614137317502247,-0.48753673169915,0.389267667465265,-1.25244599653952,0.210407394733748,"roundQuarter final"
"MS",2,3,"final_score_diff","Controls + final score differential",741671.922314937,13.5166622711566,329.628581842999,0.0410057349868845,0.967291323850956,"roundRound 1"
"MS",2,3,"final_score_diff","Controls + final score differential",0.742333382622843,-0.297956833994799,1.69824727244754,-0.175449617278278,0.860726356214129,"roundRound 2"
"MS",2,3,"final_score_diff","Controls + final score differential",0.84391007992895,-0.169709330430551,1.74546390325925,-0.0972287826254431,0.922544711095924,"roundRound 3"
"MS",2,3,"final_score_diff","Controls + final score differential",0.466898913674196,-0.761642503685622,0.366914873638563,-2.07580165974927,0.0379122988092677,"roundRound of 16"
"MS",2,3,"final_score_diff","Controls + final score differential",0.631375409340588,-0.459854649862176,0.354935940247974,-1.29559900172663,0.195113673239315,"roundRound of 32"
"MS",2,3,"final_score_diff","Controls + final score differential",0.543605819340754,-0.609530891573424,0.409901135874434,-1.48701927910769,0.137009719144812,"roundRound of 64"
"MS",2,3,"final_score_diff","Controls + final score differential",0.728398879864701,-0.316906468932309,0.409408186242684,-0.77405992254502,0.43889535624849,"roundSemi final"
"MS",2,3,"final_score_diff","Controls + final score differential",1.66919842949824,0.512343528863884,1.2166304574468,0.42111680315737,0.67366979216493,"tournament_typeHSBC BWF World Tour Finals"
"MS",2,3,"final_score_diff","Controls + final score differential",1.15628760802534,0.145214535175293,0.233646945347468,0.621512662874051,0.534262365456754,"tournament_typeHSBC BWF World Tour Super 1000"
"MS",2,3,"final_score_diff","Controls + final score differential",1.22270383577075,0.201064665294638,0.161445829850106,1.24540017838377,0.212984687770432,"tournament_typeHSBC BWF World Tour Super 300"
"MS",2,3,"final_score_diff","Controls + final score differential",1.33109360334966,0.286000862522257,0.177129840593199,1.61463964267373,0.106388755299519,"tournament_typeHSBC BWF World Tour Super 500"
"MS",2,3,"final_score_diff","Controls + final score differential",1.12931701303089,0.121613036745932,0.228037527808896,0.533302732731995,0.593824036294977,"tournament_typeHSBC BWF World Tour Super 750"
"MS",2,3,"max_streak_diff","Controls + final score differential + maximum-streak differential",1.44900166756625,0.370874814177255,0.357062483457991,1.03868323153275,0.298952082303979,"(Intercept)"
"MS",2,3,"max_streak_diff","Controls + final score differential + maximum-streak differential",1.26476845087807,0.234889062640978,0.0416954992379981,5.63343926643568,1.76650746105426e-08,"elo_difference_100"
"MS",2,3,"max_streak_diff","Controls + final score differential + maximum-streak differential",1.02099546671523,0.020778099128824,0.0138204483766655,1.50343162266037,0.132727777128261,"final_score_diff"
"MS",2,3,"max_streak_diff","Controls + final score differential + maximum-streak differential",1.02531804638965,0.0250028536212806,0.0348657533564649,0.717117836682124,0.473301390833572,"max_streak_diff"
"MS",2,3,"max_streak_diff","Controls + final score differential + maximum-streak differential",0.385822499199963,-0.952377861911413,0.450472441658239,-2.11417563837114,0.0345002687897491,"roundQualification quarter final"
"MS",2,3,"max_streak_diff","Controls + final score differential + maximum-streak differential",0.718962056708929,-0.329946694963849,0.390792031179027,-0.844302515505226,0.398500380794609,"roundQualification round of 16"
"MS",2,3,"max_streak_diff","Controls + final score differential + maximum-streak differential",0.817899801511008,-0.201015441922486,0.475992319594304,-0.422308162648116,0.672800100924288,"roundQualification round of 32"
"MS",2,3,"max_streak_diff","Controls + final score differential + maximum-streak differential",0.624603054986567,-0.470638943036303,0.389887804446818,-1.2071137841925,0.227388327094395,"roundQuarter final"
"MS",2,3,"max_streak_diff","Controls + final score differential + maximum-streak differential",695817.956588885,13.4528433484795,330.267597006843,0.0407331614436301,0.967508624516394,"roundRound 1"
"MS",2,3,"max_streak_diff","Controls + final score differential + maximum-streak differential",0.700467499712196,-0.356007310124085,1.6997569046029,-0.209446014991924,0.834100074464016,"roundRound 2"
"MS",2,3,"max_streak_diff","Controls + final score differential + maximum-streak differential",0.805434243021992,-0.216373714679433,1.74537332579382,-0.123969875946754,0.901339126548458,"roundRound 3"
"MS",2,3,"max_streak_diff","Controls + final score differential + maximum-streak differential",0.471523719277076,-0.75178587217801,0.367039243014469,-2.04824384990455,0.0405361117889899,"roundRound of 16"
"MS",2,3,"max_streak_diff","Controls + final score differential + maximum-streak differential",0.637904899706581,-0.449566066768929,0.355091269419071,-1.26605778707097,0.205492394144398,"roundRound of 32"
"MS",2,3,"max_streak_diff","Controls + final score differential + maximum-streak differential",0.548942439869318,-0.599761688380349,0.410055132273286,-1.4626367070578,0.143566813474804,"roundRound of 64"
"MS",2,3,"max_streak_diff","Controls + final score differential + maximum-streak differential",0.731419969248458,-0.312767470866179,0.409302371932474,-0.76414771160373,0.444779222431113,"roundSemi final"
"MS",2,3,"max_streak_diff","Controls + final score differential + maximum-streak differential",1.78919149185949,0.581763837288862,1.22101992155162,0.476457285438538,0.633748631371481,"tournament_typeHSBC BWF World Tour Finals"
"MS",2,3,"max_streak_diff","Controls + final score differential + maximum-streak differential",1.15289289659819,0.142274345903925,0.233786840360721,0.608564390041811,0.542813213948624,"tournament_typeHSBC BWF World Tour Super 1000"
"MS",2,3,"max_streak_diff","Controls + final score differential + maximum-streak differential",1.22068767901081,0.199414371262498,0.161498035541958,1.23477892838325,0.216912791651784,"tournament_typeHSBC BWF World Tour Super 300"
"MS",2,3,"max_streak_diff","Controls + final score differential + maximum-streak differential",1.32444452402982,0.280993144390608,0.177281362991553,1.58501231967625,0.112963535207274,"tournament_typeHSBC BWF World Tour Super 500"
"MS",2,3,"max_streak_diff","Controls + final score differential + maximum-streak differential",1.12732282072266,0.119845636563141,0.228126236627584,0.525347887795956,0.59934137307443,"tournament_typeHSBC BWF World Tour Super 750"
"MS",2,3,"streak_bonus","Controls + final score differential + streak-bonus momentum",1.45526338246469,0.375186903117593,0.356887693068281,1.05127442163104,0.29313257122143,"(Intercept)"
"MS",2,3,"streak_bonus","Controls + final score differential + streak-bonus momentum",1.26429828041275,0.23451724922465,0.0417062461406033,5.62307258327752,1.8759053396032e-08,"elo_difference_100"
"MS",2,3,"streak_bonus","Controls + final score differential + streak-bonus momentum",1.00834952675378,0.00831486227626942,0.024998636750024,0.332612628417085,0.739426709556252,"final_score_diff"
"MS",2,3,"streak_bonus","Controls + final score differential + streak-bonus momentum",0.386290807758906,-0.951164805195129,0.450330666043783,-2.11214753272577,0.0346737970995037,"roundQualification quarter final"
"MS",2,3,"streak_bonus","Controls + final score differential + streak-bonus momentum",0.716644772881399,-0.333174996462999,0.390327358611511,-0.85357838520001,0.393338639030875,"roundQualification round of 16"
"MS",2,3,"streak_bonus","Controls + final score differential + streak-bonus momentum",0.81739855086634,-0.201628480710958,0.4759494233741,-0.423634257778008,0.671832567302957,"roundQualification round of 32"
"MS",2,3,"streak_bonus","Controls + final score differential + streak-bonus momentum",0.621860918230563,-0.475038815377016,0.389459340176811,-1.21973917780828,0.222563764751081,"roundQuarter final"
"MS",2,3,"streak_bonus","Controls + final score differential + streak-bonus momentum",681637.619940482,13.4322534465488,330.025341534041,0.0407006728153428,0.967534525212445,"roundRound 1"
"MS",2,3,"streak_bonus","Controls + final score differential + streak-bonus momentum",0.682520550733185,-0.381962641411975,1.70157221485249,-0.224476303784197,0.82238670330697,"roundRound 2"
"MS",2,3,"streak_bonus","Controls + final score differential + streak-bonus momentum",0.789731317875219,-0.236062495324956,1.74774879516158,-0.135066604524898,0.89255921390925,"roundRound 3"
"MS",2,3,"streak_bonus","Controls + final score differential + streak-bonus momentum",0.46939380320822,-0.756313197168717,0.366856129028803,-2.06160709150735,0.0392451583379007,"roundRound of 16"
"MS",2,3,"streak_bonus","Controls + final score differential + streak-bonus momentum",0.633520810436481,-0.456462429821295,0.354851269704621,-1.28634858824446,0.198321432377989,"roundRound of 32"
"MS",2,3,"streak_bonus","Controls + final score differential + streak-bonus momentum",0.545304778944563,-0.606410413207058,0.409873759414568,-1.47950533372326,0.139005306886407,"roundRound of 64"
"MS",2,3,"streak_bonus","Controls + final score differential + streak-bonus momentum",0.72558313510888,-0.320779623134787,0.409350284900947,-0.783631122212136,0.433256588673508,"roundSemi final"
"MS",2,3,"streak_bonus","Controls + final score differential + streak-bonus momentum",1.02535446227523,0.0250383696633891,0.0290474936502919,0.861980381675287,0.388698313654007,"streak_bonus_momentum"
"MS",2,3,"streak_bonus","Controls + final score differential + streak-bonus momentum",1.80478197770536,0.59043979651452,1.22135824847523,0.483428836094272,0.62879127755476,"tournament_typeHSBC BWF World Tour Finals"
"MS",2,3,"streak_bonus","Controls + final score differential + streak-bonus momentum",1.15591636785984,0.144893421491068,0.233830867085382,0.619650533298333,0.535487889526497,"tournament_typeHSBC BWF World Tour Super 1000"
"MS",2,3,"streak_bonus","Controls + final score differential + streak-bonus momentum",1.21942636923849,0.198380559022809,0.161524747424067,1.22817439548121,0.21938150824654,"tournament_typeHSBC BWF World Tour Super 300"
"MS",2,3,"streak_bonus","Controls + final score differential + streak-bonus momentum",1.32626093655068,0.282363657133114,0.17724493946941,1.59307034648425,0.111144410768247,"tournament_typeHSBC BWF World Tour Super 500"
"MS",2,3,"streak_bonus","Controls + final score differential + streak-bonus momentum",1.13284921371221,0.124735887321739,0.228114930483094,0.546811587727195,0.58450818127716,"tournament_typeHSBC BWF World Tour Super 750"
"WS",1,2,"adjusted_late_game","Controls + final score differential + adjusted late-game momentum",0.93268422459751,-0.0696885870864601,0.252785163354283,-0.275683058933291,0.782791508597042,"(Intercept)"
"WS",1,2,"adjusted_late_game","Controls + final score differential + adjusted late-game momentum",1.00593787745961,0.00592031774259647,0.0167485408194519,0.353482599255486,0.723726671660119,"adjusted_late_game_momentum"
"WS",1,2,"adjusted_late_game","Controls + final score differential + adjusted late-game momentum",1.47034933037474,0.385500012269506,0.0297448565938661,12.9602242677816,2.0564541811263e-38,"elo_difference_100"
"WS",1,2,"adjusted_late_game","Controls + final score differential + adjusted late-game momentum",1.11290264194231,0.106971594920483,0.00640472702479472,16.7019756667789,1.26795908520498e-62,"final_score_diff"
"WS",1,2,"adjusted_late_game","Controls + final score differential + adjusted late-game momentum",0.94541788955526,-0.0561282380653505,0.285787953271682,-0.196398194615267,0.844298509232709,"roundQualification quarter final"
"WS",1,2,"adjusted_late_game","Controls + final score differential + adjusted late-game momentum",0.949704232287504,-0.0516046772963832,0.342000479474246,-0.150890657743271,0.880061970148417,"roundQualification round of 16"
"WS",1,2,"adjusted_late_game","Controls + final score differential + adjusted late-game momentum",1.28380934266549,0.249831707221831,0.273405247183092,0.913778026558962,0.360833494746735,"roundQuarter final"
"WS",1,2,"adjusted_late_game","Controls + final score differential + adjusted late-game momentum",0.905353368454429,-0.0994299491122245,1.20329865641136,-0.0826311477889935,0.934144833604841,"roundRound 1"
"WS",1,2,"adjusted_late_game","Controls + final score differential + adjusted late-game momentum",0.208777018102098,-1.56648849559226,1.08948717868006,-1.43782187275494,0.150484601612597,"roundRound 2"
"WS",1,2,"adjusted_late_game","Controls + final score differential + adjusted late-game momentum",0.208154340002266,-1.56947545519933,1.11292383914223,-1.41022718716222,0.158472610505174,"roundRound 3"
"WS",1,2,"adjusted_late_game","Controls + final score differential + adjusted late-game momentum",1.07420762654013,0.0715832982034813,0.258848537890732,0.276545113164591,0.782129414751504,"roundRound of 16"
"WS",1,2,"adjusted_late_game","Controls + final score differential + adjusted late-game momentum",1.0548756167331,0.0534228611462287,0.250862626698903,0.212956636264314,0.831360786062307,"roundRound of 32"
"WS",1,2,"adjusted_late_game","Controls + final score differential + adjusted late-game momentum",0.942591314486379,-0.0591224789563694,0.295008834072232,-0.200409181448083,0.841160579393213,"roundSemi final"
"WS",1,2,"adjusted_late_game","Controls + final score differential + adjusted late-game momentum",3.85818203341573,1.35019609673377,0.862627649634418,1.56521309896104,0.117532951140023,"tournament_typeHSBC BWF World Tour Finals"
"WS",1,2,"adjusted_late_game","Controls + final score differential + adjusted late-game momentum",0.942574413340717,-0.0591404096299578,0.162411351794299,-0.364139630491235,0.715753744476621,"tournament_typeHSBC BWF World Tour Super 1000"
"WS",1,2,"adjusted_late_game","Controls + final score differential + adjusted late-game momentum",1.17766490156082,0.163533580891604,0.114116129234949,1.43304528455316,0.151844896360228,"tournament_typeHSBC BWF World Tour Super 300"
"WS",1,2,"adjusted_late_game","Controls + final score differential + adjusted late-game momentum",1.01670659197935,0.0165685719794891,0.129124722858369,0.128314482406769,0.897900104542918,"tournament_typeHSBC BWF World Tour Super 500"
"WS",1,2,"adjusted_late_game","Controls + final score differential + adjusted late-game momentum",0.921601158942295,-0.0816427315084289,0.156144389271494,-0.522866891915492,0.60106688578106,"tournament_typeHSBC BWF World Tour Super 750"
"WS",1,2,"controls_only","Controls only",1.04687800634751,0.0458124077621085,0.239994869364847,0.190889113102094,0.84861246982291,"(Intercept)"
"WS",1,2,"controls_only","Controls only",1.7024140210232,0.532047256164637,0.0282116743890077,18.8591165780625,2.47317654804791e-79,"elo_difference_100"
"WS",1,2,"controls_only","Controls only",0.833200488438881,-0.18248098337504,0.270061393449418,-0.675701850769046,0.499229960672434,"roundQualification quarter final"
"WS",1,2,"controls_only","Controls only",0.893025769690784,-0.113139841085518,0.321161765973982,-0.352283033263316,0.72462601111157,"roundQualification round of 16"
"WS",1,2,"controls_only","Controls only",1.14997501090773,0.139740212493612,0.260309580306727,0.536823163899516,0.591389769568028,"roundQuarter final"
"WS",1,2,"controls_only","Controls only",1.06737246189899,0.0651999853521806,1.1707340059993,0.055691544806993,0.955587535316735,"roundRound 1"
"WS",1,2,"controls_only","Controls only",0.332057003119983,-1.10244862865922,1.06923304217959,-1.03106487095827,0.302510399967846,"roundRound 2"
"WS",1,2,"controls_only","Controls only",0.220641548879049,-1.51121584502411,1.08203286673891,-1.39664504792603,0.162520336620389,"roundRound 3"
"WS",1,2,"controls_only","Controls only",0.956744405211101,-0.0442190023954342,0.245929558182136,-0.179803528792117,0.857306813193855,"roundRound of 16"
"WS",1,2,"controls_only","Controls only",0.990506298117134,-0.00953905434064344,0.238520431006517,-0.0399926090204944,0.968099018727814,"roundRound of 32"
"WS",1,2,"controls_only","Controls only",0.912516737031649,-0.0915488517412095,0.281600334210993,-0.325102070626859,0.745103821875952,"roundSemi final"
"WS",1,2,"controls_only","Controls only",2.85580287666718,1.0493530213205,0.83481687885781,1.25698587066928,0.208758751956005,"tournament_typeHSBC BWF World Tour Finals"
"WS",1,2,"controls_only","Controls only",0.882260405594187,-0.125268022113554,0.153723145563662,-0.814893695118123,0.41513316244717,"tournament_typeHSBC BWF World Tour Super 1000"
"WS",1,2,"controls_only","Controls only",1.12268642795661,0.115724409656171,0.106285963127748,1.08880238039597,0.276241041695117,"tournament_typeHSBC BWF World Tour Super 300"
"WS",1,2,"controls_only","Controls only",1.01766513344997,0.0175109184834004,0.121246889984224,0.144423650665834,0.88516594205597,"tournament_typeHSBC BWF World Tour Super 500"
"WS",1,2,"controls_only","Controls only",0.920434042376435,-0.0829099350029159,0.147390680849958,-0.562518162782065,0.573763032385939,"tournament_typeHSBC BWF World Tour Super 750"
"WS",1,2,"final_score_diff","Controls + final score differential",0.931132446500625,-0.0713537492019285,0.252671016971555,-0.282397839123596,0.777638471728104,"(Intercept)"
"WS",1,2,"final_score_diff","Controls + final score differential",1.47067621225582,0.385722303356535,0.0297454457045125,12.9674407029651,1.8717622149727e-38,"elo_difference_100"
"WS",1,2,"final_score_diff","Controls + final score differential",1.11333230037019,0.107357590508862,0.00631674764149374,16.9957067468781,8.83589602760473e-65,"final_score_diff"
"WS",1,2,"final_score_diff","Controls + final score differential",0.945533312589619,-0.0560061587283786,0.285739148543692,-0.196004499256827,0.84460664440728,"roundQualification quarter final"
"WS",1,2,"final_score_diff","Controls + final score differential",0.948015117661884,-0.0533848299535447,0.341914490477274,-0.156135032121702,0.875926585334647,"roundQualification round of 16"
"WS",1,2,"final_score_diff","Controls + final score differential",1.283984334531,0.249968004672315,0.273336007288363,0.914508143848771,0.360449900614701,"roundQuarter final"
"WS",1,2,"final_score_diff","Controls + final score differential",0.894249110193686,-0.111770895874329,1.20228075550171,-0.0929657198311277,0.925930794857831,"roundRound 1"
"WS",1,2,"final_score_diff","Controls + final score differential",0.209005002002849,-1.56539709427573,1.08951687368287,-1.43678095501565,0.150780243553484,"roundRound 2"
"WS",1,2,"final_score_diff","Controls + final score differential",0.206280955145603,-1.57851617947462,1.11215230106989,-1.41933454433902,0.15580150555005,"roundRound 3"
"WS",1,2,"final_score_diff","Controls + final score differential",1.07423204770896,0.071606032068552,0.258788931177631,0.276696656780124,0.782013039189563,"roundRound of 16"
"WS",1,2,"final_score_diff","Controls + final score differential",1.05544637971364,0.0539637861760788,0.250791744597002,0.21517369426491,0.82963189949865,"roundRound of 32"
"WS",1,2,"final_score_diff","Controls + final score differential",0.941493627326619,-0.0602876995465849,0.294918039159888,-0.204421878425349,0.83802383464206,"roundSemi final"
"WS",1,2,"final_score_diff","Controls + final score differential",3.86398884863387,1.35170003038179,0.862239279622796,1.56766232103589,0.116959959461648,"tournament_typeHSBC BWF World Tour Finals"
"WS",1,2,"final_score_diff","Controls + final score differential",0.943878033853565,-0.057758322610168,0.16235985132701,-0.355742642889199,0.722033306910234,"tournament_typeHSBC BWF World Tour Super 1000"
"WS",1,2,"final_score_diff","Controls + final score differential",1.17922194754369,0.164854854511484,0.11405066505907,1.44545281192443,0.148330738390923,"tournament_typeHSBC BWF World Tour Super 300"
"WS",1,2,"final_score_diff","Controls + final score differential",1.01886391906634,0.0186882017176811,0.128960514097375,0.144914137854399,0.884778663873488,"tournament_typeHSBC BWF World Tour Super 500"
"WS",1,2,"final_score_diff","Controls + final score differential",0.923117534284158,-0.0799987131668047,0.156075685720454,-0.512563586041774,0.608256630583364,"tournament_typeHSBC BWF World Tour Super 750"
"WS",1,2,"max_streak_diff","Controls + final score differential + maximum-streak differential",0.934405361743921,-0.0678449287569143,0.252830099069616,-0.268341977504163,0.788436097265567,"(Intercept)"
"WS",1,2,"max_streak_diff","Controls + final score differential + maximum-streak differential",1.47060740265813,0.385675514534574,0.0297411664549594,12.9677332971674,1.86463216766114e-38,"elo_difference_100"
"WS",1,2,"max_streak_diff","Controls + final score differential + maximum-streak differential",1.1095240125609,0.10393110584302,0.0105193988768628,9.879947234591,5.0859683286315e-23,"final_score_diff"
"WS",1,2,"max_streak_diff","Controls + final score differential + maximum-streak differential",1.01047044521968,0.0104160097541344,0.0256200554052659,0.406556878561375,0.684333473771966,"max_streak_diff"
"WS",1,2,"max_streak_diff","Controls + final score differential + maximum-streak differential",0.945527198621181,-0.0560126249079666,0.285758316955751,-0.196013979591852,0.844599224114666,"roundQualification quarter final"
"WS",1,2,"max_streak_diff","Controls + final score differential + maximum-streak differential",0.94632795762786,-0.0551660917557279,0.341945686590103,-0.161329982857355,0.871833509651487,"roundQualification round of 16"
"WS",1,2,"max_streak_diff","Controls + final score differential + maximum-streak differential",1.281307691313,0.247881190257127,0.273377029814186,0.90673744764003,0.364545655494561,"roundQuarter final"
"WS",1,2,"max_streak_diff","Controls + final score differential + maximum-streak differential",0.88100929250926,-0.126687105417975,1.20256424370924,-0.105347474017035,0.916100093706123,"roundRound 1"
"WS",1,2,"max_streak_diff","Controls + final score differential + maximum-streak differential",0.208909242997204,-1.56585536536109,1.09000481155804,-1.43655821401638,0.150843564017318,"roundRound 2"
"WS",1,2,"max_streak_diff","Controls + final score differential + maximum-streak differential",0.205668878911404,-1.58148778734532,1.11312332739302,-1.42076600896436,0.155384795459853,"roundRound 3"
"WS",1,2,"max_streak_diff","Controls + final score differential + maximum-streak differential",1.0717802189831,0.0693210220238968,0.258851573577515,0.267802204428702,0.78885157379855,"roundRound of 16"
"WS",1,2,"max_streak_diff","Controls + final score differential + maximum-streak differential",1.05256976047499,0.0512345651142587,0.250884940736965,0.204215386398877,0.838185188106977,"roundRound of 32"
"WS",1,2,"max_streak_diff","Controls + final score differential + maximum-streak differential",0.940178732290272,-0.0616852810582139,0.294937526452687,-0.209146939693038,0.83433353230622,"roundSemi final"
"WS",1,2,"max_streak_diff","Controls + final score differential + maximum-streak differential",3.86974423331979,1.35318841527623,0.862924159510894,1.56814292468438,0.116847780859993,"tournament_typeHSBC BWF World Tour Finals"
"WS",1,2,"max_streak_diff","Controls + final score differential + maximum-streak differential",0.945185092544011,-0.0563745055415259,0.162390631282089,-0.347153681813069,0.728475865970494,"tournament_typeHSBC BWF World Tour Super 1000"
"WS",1,2,"max_streak_diff","Controls + final score differential + maximum-streak differential",1.17810727205729,0.163909143950397,0.114078311379204,1.4368125015942,0.150771277179411,"tournament_typeHSBC BWF World Tour Super 300"
"WS",1,2,"max_streak_diff","Controls + final score differential + maximum-streak differential",1.01755820012933,0.0174058358431075,0.129000582774259,0.134928350467737,0.892668524083198,"tournament_typeHSBC BWF World Tour Super 500"
"WS",1,2,"max_streak_diff","Controls + final score differential + maximum-streak differential",0.92067010363852,-0.082653500554176,0.156202247573691,-0.529144118206001,0.596705478511407,"tournament_typeHSBC BWF World Tour Super 750"
"WS",1,2,"streak_bonus","Controls + final score differential + streak-bonus momentum",0.935035194306,-0.0671711094328697,0.25280319253112,-0.265705146997307,0.790466299106673,"(Intercept)"
"WS",1,2,"streak_bonus","Controls + final score differential + streak-bonus momentum",1.47073677687637,0.385763483986926,0.0297428579901733,12.9699534629247,1.81140286380028e-38,"elo_difference_100"
"WS",1,2,"streak_bonus","Controls + final score differential + streak-bonus momentum",1.10504802425603,0.0998887948905013,0.0185790030530456,5.37643460229299,7.5975276816096e-08,"final_score_diff"
"WS",1,2,"streak_bonus","Controls + final score differential + streak-bonus momentum",0.944911660197773,-0.0566638371302392,0.285695590266239,-0.198336407913872,0.842781868052748,"roundQualification quarter final"
"WS",1,2,"streak_bonus","Controls + final score differential + streak-bonus momentum",0.946884607453745,-0.054578043850075,0.341880283850903,-0.159640805358279,0.873164033151997,"roundQualification round of 16"
"WS",1,2,"streak_bonus","Controls + final score differential + streak-bonus momentum",1.28088125631474,0.247548322532754,0.273324683479308,0.905693256026379,0.365098233050824,"roundQuarter final"
"WS",1,2,"streak_bonus","Controls + final score differential + streak-bonus momentum",0.886493176369613,-0.120481850768099,1.20235334960464,-0.100205027754708,0.920181554536646,"roundRound 1"
"WS",1,2,"streak_bonus","Controls + final score differential + streak-bonus momentum",0.209225976699291,-1.56434038289729,1.08975471231272,-1.43549769982402,0.151145323325619,"roundRound 2"
"WS",1,2,"streak_bonus","Controls + final score differential + streak-bonus momentum",0.205859799590668,-1.58055992640665,1.11318626180137,-1.41985216728148,0.155650723852729,"roundRound 3"
"WS",1,2,"streak_bonus","Controls + final score differential + streak-bonus momentum",1.07153530399563,0.0690924835880879,0.258785100627921,0.266987873028395,0.789478498209813,"roundRound of 16"
"WS",1,2,"streak_bonus","Controls + final score differential + streak-bonus momentum",1.05216518286658,0.0508501199235031,0.250830172462734,0.202727285255357,0.839348195433918,"roundRound of 32"
"WS",1,2,"streak_bonus","Controls + final score differential + streak-bonus momentum",0.939024842799839,-0.0629133434679999,0.294914052968885,-0.213327723228698,0.831071351195097,"roundSemi final"
"WS",1,2,"streak_bonus","Controls + final score differential + streak-bonus momentum",1.00909239658176,0.00905130960886761,0.0212090648315389,0.426766087084041,0.669549709692993,"streak_bonus_momentum"
"WS",1,2,"streak_bonus","Controls + final score differential + streak-bonus momentum",3.84738832083993,1.34739455988725,0.862788060544079,1.56167501789209,0.118364566916496,"tournament_typeHSBC BWF World Tour Finals"
"WS",1,2,"streak_bonus","Controls + final score differential + streak-bonus momentum",0.943827812865423,-0.0578115310994469,0.16233090020453,-0.356133866236229,0.721740316101745,"tournament_typeHSBC BWF World Tour Super 1000"
"WS",1,2,"streak_bonus","Controls + final score differential + streak-bonus momentum",1.17808406127457,0.163889441999715,0.114082686123437,1.43658470508301,0.15083603211655,"tournament_typeHSBC BWF World Tour Super 300"
"WS",1,2,"streak_bonus","Controls + final score differential + streak-bonus momentum",1.01674236341027,0.016603754992894,0.129046504571524,0.128664895248607,0.89762281399949,"tournament_typeHSBC BWF World Tour Super 500"
"WS",1,2,"streak_bonus","Controls + final score differential + streak-bonus momentum",0.921027372375342,-0.0822655228912248,0.156140188870815,-0.526869625854547,0.598284128033548,"tournament_typeHSBC BWF World Tour Super 750"
"WS",2,3,"adjusted_late_game","Controls + final score differential + adjusted late-game momentum",0.792774322262281,-0.232216685161064,0.373356371168761,-0.62197059724501,0.533961201990763,"(Intercept)"
"WS",2,3,"adjusted_late_game","Controls + final score differential + adjusted late-game momentum",1.02240656891368,0.0221592296143138,0.0283088026386179,0.782768169222565,0.43376326278012,"adjusted_late_game_momentum"
"WS",2,3,"adjusted_late_game","Controls + final score differential + adjusted late-game momentum",1.49589748190645,0.402726349066725,0.0536458510800131,7.50712946032037,6.04379521367298e-14,"elo_difference_100"
"WS",2,3,"adjusted_late_game","Controls + final score differential + adjusted late-game momentum",1.04143322116285,0.0405978617207148,0.0111726225885499,3.63369131991634,0.00027939509830073,"final_score_diff"
"WS",2,3,"adjusted_late_game","Controls + final score differential + adjusted late-game momentum",1.40260994407309,0.338334746838223,0.439811484822383,0.769272196188461,0.441731739227542,"roundQualification quarter final"
"WS",2,3,"adjusted_late_game","Controls + final score differential + adjusted late-game momentum",1.26599257349913,0.235856457590351,0.55655584203805,0.423778603646795,0.671727283734364,"roundQualification round of 16"
"WS",2,3,"adjusted_late_game","Controls + final score differential + adjusted late-game momentum",1.86696512132982,0.624314182719208,0.418036791032722,1.49344315168265,0.135321224567326,"roundQuarter final"
"WS",2,3,"adjusted_late_game","Controls + final score differential + adjusted late-game momentum",2.63544262559578e-06,-12.8464594107247,378.58694335432,-0.0339326530833411,0.97293085477889,"roundRound 1"
"WS",2,3,"adjusted_late_game","Controls + final score differential + adjusted late-game momentum",1.39753938351311e-06,-13.4807974509095,378.586954412413,-0.0356081932929581,0.971594775163307,"roundRound 2"
"WS",2,3,"adjusted_late_game","Controls + final score differential + adjusted late-game momentum",8.39303030168649e-07,-13.9906940155119,378.5884314052,-0.0369548904692699,0.970520973341639,"roundRound 3"
"WS",2,3,"adjusted_late_game","Controls + final score differential + adjusted late-game momentum",1.4054621736229,0.340366197891574,0.392834773027708,0.866436021608422,0.386251097231732,"roundRound of 16"
"WS",2,3,"adjusted_late_game","Controls + final score differential + adjusted late-game momentum",1.33562306108189,0.289397895396739,0.378212157424326,0.765173434316803,0.444168276500327,"roundRound of 32"
"WS",2,3,"adjusted_late_game","Controls + final score differential + adjusted late-game momentum",1.51443078399257,0.415039648223922,0.43531087658087,0.953432754733426,0.340370852181056,"roundSemi final"
"WS",2,3,"adjusted_late_game","Controls + final score differential + adjusted late-game momentum",555747.74486464,13.2280697739948,378.585986627631,0.0349407274469608,0.972127004620548,"tournament_typeHSBC BWF World Tour Finals"
"WS",2,3,"adjusted_late_game","Controls + final score differential + adjusted late-game momentum",0.724497597695982,-0.322276833036446,0.265254826767624,-1.21497066411076,0.224377280320005,"tournament_typeHSBC BWF World Tour Super 1000"
"WS",2,3,"adjusted_late_game","Controls + final score differential + adjusted late-game momentum",0.987199102004914,-0.0128835354698856,0.195825091547526,-0.0657910350919398,0.947544193733586,"tournament_typeHSBC BWF World Tour Super 300"
"WS",2,3,"adjusted_late_game","Controls + final score differential + adjusted late-game momentum",0.973297389116876,-0.0270656020593223,0.209555227374506,-0.129157370104408,0.897233127330857,"tournament_typeHSBC BWF World Tour Super 500"
"WS",2,3,"adjusted_late_game","Controls + final score differential + adjusted late-game momentum",0.94976635807464,-0.0515392635042735,0.269977866671134,-0.190901810358604,0.84860252179774,"tournament_typeHSBC BWF World Tour Super 750"
"WS",2,3,"controls_only","Controls only",0.758936640513794,-0.275836982654888,0.371270353255489,-0.742954508045708,0.457509223103726,"(Intercept)"
"WS",2,3,"controls_only","Controls only",1.51640802466173,0.416344396562246,0.0531681923949933,7.83070437055993,4.8514421938456e-15,"elo_difference_100"
"WS",2,3,"controls_only","Controls only",1.38028818362801,0.322292306083384,0.436621584561959,0.738150191101349,0.460423186653284,"roundQualification quarter final"
"WS",2,3,"controls_only","Controls only",1.28761325639803,0.252790315821356,0.552251548292332,0.457744874782212,0.647135744087122,"roundQualification round of 16"
"WS",2,3,"controls_only","Controls only",1.95547821952287,0.670634777090995,0.415342867412055,1.61465340977114,0.106385772243024,"roundQuarter final"
"WS",2,3,"controls_only","Controls only",1.8193111840501e-06,-13.2170525988157,378.110835931407,-0.0349554980783819,0.972115226556671,"roundRound 1"
"WS",2,3,"controls_only","Controls only",9.28444627817481e-07,-13.8897550941005,378.110821994816,-0.0367346139970861,0.970696609281044,"roundRound 2"
"WS",2,3,"controls_only","Controls only",6.9984942831449e-07,-14.1724006274487,378.112353234416,-0.0374819825541705,0.970100705890424,"roundRound 3"
"WS",2,3,"controls_only","Controls only",1.44594395088077,0.368762361492083,0.389994581019039,0.945557655002597,0.344374250858673,"roundRound of 16"
"WS",2,3,"controls_only","Controls only",1.36398709030324,0.310412094789413,0.375959433584575,0.825653161113148,0.409000869424713,"roundRound of 32"
"WS",2,3,"controls_only","Controls only",1.51229714775922,0.413629784744362,0.432611445281315,0.956123073617227,0.33901005877187,"roundSemi final"
"WS",2,3,"controls_only","Controls only",892136.436488352,13.70137435557,378.109877028779,0.0362364888831698,0.971093791163323,"tournament_typeHSBC BWF World Tour Finals"
"WS",2,3,"controls_only","Controls only",0.738338286900512,-0.303353176073184,0.262416915952058,-1.15599703232777,0.247682370864591,"tournament_typeHSBC BWF World Tour Super 1000"
"WS",2,3,"controls_only","Controls only",1.01576373358069,0.0156407764250538,0.194062067244163,0.0805967732239762,0.935762632452613,"tournament_typeHSBC BWF World Tour Super 300"
"WS",2,3,"controls_only","Controls only",0.997303941343652,-0.00269969956803386,0.207563414209575,-0.0130066253646608,0.989622507031613,"tournament_typeHSBC BWF World Tour Super 500"
"WS",2,3,"controls_only","Controls only",0.959321926487868,-0.0415285706615321,0.265668959918025,-0.156316984394211,0.875783169294642,"tournament_typeHSBC BWF World Tour Super 750"
"WS",2,3,"final_score_diff","Controls + final score differential",0.796259420333149,-0.227830241292092,0.373204875020767,-0.610469628188576,0.541550756632875,"(Intercept)"
"WS",2,3,"final_score_diff","Controls + final score differential",1.49603285597997,0.402816841864571,0.0536624107043874,7.50649917842094,6.07295183846164e-14,"elo_difference_100"
"WS",2,3,"final_score_diff","Controls + final score differential",1.04376002250267,0.0428295995345935,0.0108126901269982,3.96104938100947,7.46210972489988e-05,"final_score_diff"
"WS",2,3,"final_score_diff","Controls + final score differential",1.41460359540593,0.346849347257928,0.439660365229383,0.788902923002775,0.430168747183098,"roundQualification quarter final"
"WS",2,3,"final_score_diff","Controls + final score differential",1.23053004083433,0.207445004069318,0.555389438263695,0.373512691775072,0.708766901048876,"roundQualification round of 16"
"WS",2,3,"final_score_diff","Controls + final score differential",1.8538024750881,0.61723892160171,0.417845053733224,1.47719571187216,0.139623182933332,"roundQuarter final"
"WS",2,3,"final_score_diff","Controls + final score differential",2.63981103652619e-06,-12.8448032204412,378.584934775581,-0.033928458426523,0.972934199704771,"roundRound 1"
"WS",2,3,"final_score_diff","Controls + final score differential",1.44627284166919e-06,-13.4465207648421,378.584935271291,-0.0355178442459852,0.971666817701419,"roundRound 2"
"WS",2,3,"final_score_diff","Controls + final score differential",8.12546467067993e-07,-14.0230927341403,378.586421140335,-0.0370406648286579,0.970452582128775,"roundRound 3"
"WS",2,3,"final_score_diff","Controls + final score differential",1.39529722867944,0.333107459731468,0.392607377542919,0.848449312940007,0.396187789464099,"roundRound of 16"
"WS",2,3,"final_score_diff","Controls + final score differential",1.32849286809111,0.284045117811234,0.378129345843832,0.751185066520981,0.452541286232753,"roundRound of 32"
"WS",2,3,"final_score_diff","Controls + final score differential",1.50873704714251,0.411272908234517,0.435117710751178,0.945199191098206,0.344557192359709,"roundSemi final"
"WS",2,3,"final_score_diff","Controls + final score differential",532687.088087744,13.1856894539925,378.583973743879,0.0348289689169804,0.972216120784536,"tournament_typeHSBC BWF World Tour Finals"
"WS",2,3,"final_score_diff","Controls + final score differential",0.732869563559582,-0.310787541689341,0.264948890731545,-1.17300940883818,0.240792032626931,"tournament_typeHSBC BWF World Tour Super 1000"
"WS",2,3,"final_score_diff","Controls + final score differential",0.984021531369543,-0.0161075006961668,0.195663278951342,-0.082322553227642,0.934390220405586,"tournament_typeHSBC BWF World Tour Super 300"
"WS",2,3,"final_score_diff","Controls + final score differential",0.977461337276247,-0.0227965405634145,0.209349344178287,-0.108892342858263,0.913287880043673,"tournament_typeHSBC BWF World Tour Super 500"
"WS",2,3,"final_score_diff","Controls + final score differential",0.959533120630032,-0.0413084454953975,0.269532297786909,-0.153259723730979,0.87819346118594,"tournament_typeHSBC BWF World Tour Super 750"
"WS",2,3,"max_streak_diff","Controls + final score differential + maximum-streak differential",0.792178567580687,-0.232968448463897,0.373647932943569,-0.623497222716019,0.532957826755817,"(Intercept)"
"WS",2,3,"max_streak_diff","Controls + final score differential + maximum-streak differential",1.49486358250335,0.402034953517555,0.0536945517490315,7.48744407806341,7.02277705998195e-14,"elo_difference_100"
"WS",2,3,"max_streak_diff","Controls + final score differential + maximum-streak differential",1.03908406520572,0.0383396185704618,0.0176956327162397,2.16661473400025,0.0302642429783624,"final_score_diff"
"WS",2,3,"max_streak_diff","Controls + final score differential + maximum-streak differential",1.01379985564521,0.0137055046662916,0.0428137851668264,0.320118966657287,0.74887814828076,"max_streak_diff"
"WS",2,3,"max_streak_diff","Controls + final score differential + maximum-streak differential",1.41390990481385,0.346358848905395,0.439772904909471,0.787585694886533,0.430939084867915,"roundQualification quarter final"
"WS",2,3,"max_streak_diff","Controls + final score differential + maximum-streak differential",1.23319993544258,0.209612364680344,0.555555606762469,0.377302221647751,0.705949021352858,"roundQualification round of 16"
"WS",2,3,"max_streak_diff","Controls + final score differential + maximum-streak differential",1.86031211822043,0.620744279142196,0.418101030841822,1.48467531374502,0.137629854149145,"roundQuarter final"
"WS",2,3,"max_streak_diff","Controls + final score differential + maximum-streak differential",2.55988102903268e-06,-12.8755497735868,378.587710032878,-0.03400942352954,0.972869636159456,"roundRound 1"
"WS",2,3,"max_streak_diff","Controls + final score differential + maximum-streak differential",1.39403200254742e-06,-13.4833102885384,378.587712694134,-0.0356147593713156,0.97158953951168,"roundRound 2"
"WS",2,3,"max_streak_diff","Controls + final score differential + maximum-streak differential",7.70183974019319e-07,-14.0766364233394,378.589225365102,-0.0371818199785382,0.970340034143829,"roundRound 3"
"WS",2,3,"max_streak_diff","Controls + final score differential + maximum-streak differential",1.40195153049402,0.337865216327206,0.392996122141396,0.859716412686754,0.389945385241961,"roundRound of 16"
"WS",2,3,"max_streak_diff","Controls + final score differential + maximum-streak differential",1.33365510221125,0.287923369995625,0.378455744377607,0.760784779391133,0.446785626978809,"roundRound of 32"
"WS",2,3,"max_streak_diff","Controls + final score differential + maximum-streak differential",1.51966654416263,0.418490931950754,0.435846935283462,0.96017867299808,0.336965298548129,"roundSemi final"
"WS",2,3,"max_streak_diff","Controls + final score differential + maximum-streak differential",551291.521158526,13.2200190247362,378.586753433749,0.0349193914072052,0.972144017935042,"tournament_typeHSBC BWF World Tour Finals"
"WS",2,3,"max_streak_diff","Controls + final score differential + maximum-streak differential",0.732704393181914,-0.311012941953323,0.264847279405173,-1.17431050321466,0.240270677807586,"tournament_typeHSBC BWF World Tour Super 1000"
"WS",2,3,"max_streak_diff","Controls + final score differential + maximum-streak differential",0.984371423317047,-0.0157519904304385,0.195722809764705,-0.0804811173995269,0.935854613645967,"tournament_typeHSBC BWF World Tour Super 300"
"WS",2,3,"max_streak_diff","Controls + final score differential + maximum-streak differential",0.977847480890367,-0.0224015711186365,0.209330461002244,-0.107015343163059,0.914776807572347,"tournament_typeHSBC BWF World Tour Super 500"
"WS",2,3,"max_streak_diff","Controls + final score differential + maximum-streak differential",0.96085995802145,-0.0399266058946427,0.269645983108547,-0.148070464222603,0.882287158604189,"tournament_typeHSBC BWF World Tour Super 750"
"WS",2,3,"streak_bonus","Controls + final score differential + streak-bonus momentum",0.792764456302238,-0.232229130091678,0.373510133791816,-0.621747869955025,0.534107669306252,"(Intercept)"
"WS",2,3,"streak_bonus","Controls + final score differential + streak-bonus momentum",1.49459299858287,0.401853928027546,0.0536912289078259,7.48453585812734,7.180042901678e-14,"elo_difference_100"
"WS",2,3,"streak_bonus","Controls + final score differential + streak-bonus momentum",1.03085874388424,0.0303921868065833,0.0314146095021495,0.967453910401266,0.333317171078861,"final_score_diff"
"WS",2,3,"streak_bonus","Controls + final score differential + streak-bonus momentum",1.41902132571619,0.349967426758558,0.439886493861112,0.795585751421265,0.426272851058249,"roundQualification quarter final"
"WS",2,3,"streak_bonus","Controls + final score differential + streak-bonus momentum",1.23161181785969,0.208323732556182,0.555608433044286,0.374947031337764,0.707699860379512,"roundQualification round of 16"
"WS",2,3,"streak_bonus","Controls + final score differential + streak-bonus momentum",1.86287189701621,0.622119327589244,0.418199032285809,1.48761541648922,0.136852345423819,"roundQuarter final"
"WS",2,3,"streak_bonus","Controls + final score differential + streak-bonus momentum",2.5933508909506e-06,-12.8625597381756,378.589979907129,-0.0339749080029293,0.972897159659398,"roundRound 1"
"WS",2,3,"streak_bonus","Controls + final score differential + streak-bonus momentum",1.41517855099675e-06,-13.4682548503797,378.589977328243,-0.0355747791989287,0.971621418872189,"roundRound 2"
"WS",2,3,"streak_bonus","Controls + final score differential + streak-bonus momentum",7.84405371455528e-07,-14.0583398947951,378.591479176024,-0.0371332707365524,0.970378744102124,"roundRound 3"
"WS",2,3,"streak_bonus","Controls + final score differential + streak-bonus momentum",1.40062137109699,0.336915974652775,0.392872286615808,0.857571241674898,0.391129260602388,"roundRound of 16"
"WS",2,3,"streak_bonus","Controls + final score differential + streak-bonus momentum",1.333179641539,0.287566796962069,0.37841548428405,0.759923441045592,0.447300348924303,"roundRound of 32"
"WS",2,3,"streak_bonus","Controls + final score differential + streak-bonus momentum",1.5146276376328,0.41516962501083,0.435435708755246,0.95345791964938,0.340358107290605,"roundSemi final"
"WS",2,3,"streak_bonus","Controls + final score differential + streak-bonus momentum",1.0152528853391,0.0151377295788491,0.035949715649013,0.421080648499224,0.673696191857769,"streak_bonus_momentum"
"WS",2,3,"streak_bonus","Controls + final score differential + streak-bonus momentum",539809.941543421,13.1989723964832,378.589018186089,0.0348635902322857,0.97218851373778,"tournament_typeHSBC BWF World Tour Finals"
"WS",2,3,"streak_bonus","Controls + final score differential + streak-bonus momentum",0.733181559071065,-0.310361914627123,0.264828619143583,-1.17193495034936,0.241223173652354,"tournament_typeHSBC BWF World Tour Super 1000"
"WS",2,3,"streak_bonus","Controls + final score differential + streak-bonus momentum",0.985078201895238,-0.0150342481744446,0.195746022507927,-0.0768048718529431,0.938778775011407,"tournament_typeHSBC BWF World Tour Super 300"
"WS",2,3,"streak_bonus","Controls + final score differential + streak-bonus momentum",0.977526869631849,-0.0227294993859841,0.209328439791535,-0.108582949400568,0.913533285188802,"tournament_typeHSBC BWF World Tour Super 500"
"WS",2,3,"streak_bonus","Controls + final score differential + streak-bonus momentum",0.959836476266313,-0.0409923462518786,0.269659502039245,-0.15201521156081,0.879174937996576,"tournament_typeHSBC BWF World Tour Super 750"
